"","playlist_name","playlist_uri","playlist_tracks_url","playlist_num_tracks","snapshot_id","playlist_img","track_name","track_uri","artist_name","album_name","album_img","track_added_at","track_popularity","track_preview_url","track_open_spotify_url","danceability","energy","key","loudness","mode","speechiness","acousticness","instrumentalness","liveness","valence","tempo","duration_ms","time_signature","key_mode"
"1","Top Tracks of 2017: USA","37i9dQZF1DX7Axsg3uaDZb","https://api.spotify.com/v1/users/spotify/playlists/37i9dQZF1DX7Axsg3uaDZb/tracks?offset=0&limit=100",100,"WwOhi5cqqVBesRLJfiUir88o+yrsOOS0Cm8ijUG2kIj7PCW8xsbR848Aecz4H/qb6/ZN2jRgCzI=","https://i.scdn.co/image/e45f2ca5b6c1ad7f332d7b74432f697d94e96d05","HUMBLE.","7KXjTSCq5nL1LoYtL7XAwS","Kendrick Lamar","DAMN.","https://i.scdn.co/image/661e1a935e2eacdd45c05ef618565535e7bed2ad",2017-12-05 07:25:55,86,NA,"https://open.spotify.com/track/7KXjTSCq5nL1LoYtL7XAwS",0.904,0.611,"C#",-6.842,"minor",0.0888,0.000259,2.03e-05,0.0976,0.4,150.02,177000,4,"C# minor"
"2","Top Tracks of 2017: USA","37i9dQZF1DX7Axsg3uaDZb","https://api.spotify.com/v1/users/spotify/playlists/37i9dQZF1DX7Axsg3uaDZb/tracks?offset=0&limit=100",100,"WwOhi5cqqVBesRLJfiUir88o+yrsOOS0Cm8ijUG2kIj7PCW8xsbR848Aecz4H/qb6/ZN2jRgCzI=","https://i.scdn.co/image/e45f2ca5b6c1ad7f332d7b74432f697d94e96d05","XO TOUR Llif3","7GX5flRQZVHRAGd6B4TmDO","Lil Uzi Vert","Luv Is Rage 2","https://i.scdn.co/image/0ea8577fe124691ddce00bccf9677b16166a21db",2017-12-05 07:25:55,91,"https://p.scdn.co/mp3-preview/7add10ee576e9017030c09aa6d8bcaf682714859?cid=7cd7c410d1a94e06b4a81e4bda235aa5","https://open.spotify.com/track/7GX5flRQZVHRAGd6B4TmDO",0.732,0.75,"B",-6.366,"minor",0.231,0.00264,0,0.109,0.401,155.096,182707,4,"B minor"
"3","Top Tracks of 2017: USA","37i9dQZF1DX7Axsg3uaDZb","https://api.spotify.com/v1/users/spotify/playlists/37i9dQZF1DX7Axsg3uaDZb/tracks?offset=0&limit=100",100,"WwOhi5cqqVBesRLJfiUir88o+yrsOOS0Cm8ijUG2kIj7PCW8xsbR848Aecz4H/qb6/ZN2jRgCzI=","https://i.scdn.co/image/e45f2ca5b6c1ad7f332d7b74432f697d94e96d05","Shape of You","7qiZfU4dY1lWllzX7mPBI3","Ed Sheeran","÷ (Deluxe)","https://i.scdn.co/image/e6a84983ed9b0a04ce633b021329f7df034e7c7c",2017-12-05 07:25:55,92,"https://p.scdn.co/mp3-preview/84462d8e1e4d0f9e5ccd06f0da390f65843774a2?cid=7cd7c410d1a94e06b4a81e4bda235aa5","https://open.spotify.com/track/7qiZfU4dY1lWllzX7mPBI3",0.825,0.652,"C#",-3.183,"minor",0.0802,0.581,0,0.0931,0.931,95.977,233713,4,"C# minor"
"4","Top Tracks of 2017: USA","37i9dQZF1DX7Axsg3uaDZb","https://api.spotify.com/v1/users/spotify/playlists/37i9dQZF1DX7Axsg3uaDZb/tracks?offset=0&limit=100",100,"WwOhi5cqqVBesRLJfiUir88o+yrsOOS0Cm8ijUG2kIj7PCW8xsbR848Aecz4H/qb6/ZN2jRgCzI=","https://i.scdn.co/image/e45f2ca5b6c1ad7f332d7b74432f697d94e96d05","Congratulations","3a1lNhkSLSkpJE4MSHpDu9","Post Malone","Stoney (Deluxe)","https://i.scdn.co/image/17e68a2e03de74a114bf6609d69f9bdbf6029f70",2017-12-05 07:25:55,87,NA,"https://open.spotify.com/track/3a1lNhkSLSkpJE4MSHpDu9",0.627,0.812,"F#",-4.215,"major",0.0358,0.198,0,0.212,0.504,123.071,220293,4,"F# major"
"5","Top Tracks of 2017: USA","37i9dQZF1DX7Axsg3uaDZb","https://api.spotify.com/v1/users/spotify/playlists/37i9dQZF1DX7Axsg3uaDZb/tracks?offset=0&limit=100",100,"WwOhi5cqqVBesRLJfiUir88o+yrsOOS0Cm8ijUG2kIj7PCW8xsbR848Aecz4H/qb6/ZN2jRgCzI=","https://i.scdn.co/image/e45f2ca5b6c1ad7f332d7b74432f697d94e96d05","Despacito - Remix","5CtI0qwDJkDQGwXD1H1cLb","Luis Fonsi","Despacito Feat. Justin Bieber (Remix)","https://i.scdn.co/image/a06a1e2b83fde0c77a3f8513ff755b0adbe296ed",2017-12-05 07:25:55,84,NA,"https://open.spotify.com/track/5CtI0qwDJkDQGwXD1H1cLb",0.694,0.815,"D",-4.328,"major",0.12,0.229,0,0.0924,0.813,88.931,228827,4,"D major"
"6","Top Tracks of 2017: USA","37i9dQZF1DX7Axsg3uaDZb","https://api.spotify.com/v1/users/spotify/playlists/37i9dQZF1DX7Axsg3uaDZb/tracks?offset=0&limit=100",100,"WwOhi5cqqVBesRLJfiUir88o+yrsOOS0Cm8ijUG2kIj7PCW8xsbR848Aecz4H/qb6/ZN2jRgCzI=","https://i.scdn.co/image/e45f2ca5b6c1ad7f332d7b74432f697d94e96d05","Mask Off","0VgkVdmE4gld66l8iyGjgx","Future","FUTURE","https://i.scdn.co/image/31b0a579225a718b4b1aea0ac6f9e9bdd3da17b0",2017-12-05 07:25:55,86,"https://p.scdn.co/mp3-preview/0519fc7c44d418ca6c721d9aa83e9597065288e1?cid=7cd7c410d1a94e06b4a81e4bda235aa5","https://open.spotify.com/track/0VgkVdmE4gld66l8iyGjgx",0.833,0.434,"D",-8.795,"major",0.431,0.0102,0.0219,0.165,0.281,150.062,204600,4,"D major"
"7","Top Tracks of 2017: USA","37i9dQZF1DX7Axsg3uaDZb","https://api.spotify.com/v1/users/spotify/playlists/37i9dQZF1DX7Axsg3uaDZb/tracks?offset=0&limit=100",100,"WwOhi5cqqVBesRLJfiUir88o+yrsOOS0Cm8ijUG2kIj7PCW8xsbR848Aecz4H/qb6/ZN2jRgCzI=","https://i.scdn.co/image/e45f2ca5b6c1ad7f332d7b74432f697d94e96d05","iSpy (feat. Lil Yachty)","2EEeOnHehOozLq4aS0n6SL","KYLE","iSpy (feat. Lil Yachty)","https://i.scdn.co/image/d430e464fd2de5faa1dc10f3d30dfc84b8cd83ee",2017-12-05 07:25:55,84,"https://p.scdn.co/mp3-preview/c4f8b370f963c3fd8f7b6e4064b177711bb7daf7?cid=7cd7c410d1a94e06b4a81e4bda235aa5","https://open.spotify.com/track/2EEeOnHehOozLq4aS0n6SL",0.746,0.653,"G",-6.745,"major",0.289,0.378,0,0.229,0.672,75.016,253107,4,"G major"
"8","Top Tracks of 2017: USA","37i9dQZF1DX7Axsg3uaDZb","https://api.spotify.com/v1/users/spotify/playlists/37i9dQZF1DX7Axsg3uaDZb/tracks?offset=0&limit=100",100,"WwOhi5cqqVBesRLJfiUir88o+yrsOOS0Cm8ijUG2kIj7PCW8xsbR848Aecz4H/qb6/ZN2jRgCzI=","https://i.scdn.co/image/e45f2ca5b6c1ad7f332d7b74432f697d94e96d05","Location","152lZdxL1OR0ZMW6KquMif","Khalid","American Teen","https://i.scdn.co/image/5026fddc6c0b69e931ae99130f15d4214f1e7d41",2017-12-05 07:25:55,88,"https://p.scdn.co/mp3-preview/d50dfb78af7cb29f6363ba1a0d2cbdd707ee137c?cid=7cd7c410d1a94e06b4a81e4bda235aa5","https://open.spotify.com/track/152lZdxL1OR0ZMW6KquMif",0.736,0.449,"C#",-11.462,"minor",0.425,0.33,0.000162,0.0898,0.326,80.126,219080,4,"C# minor"
"9","Top Tracks of 2017: USA","37i9dQZF1DX7Axsg3uaDZb","https://api.spotify.com/v1/users/spotify/playlists/37i9dQZF1DX7Axsg3uaDZb/tracks?offset=0&limit=100",100,"WwOhi5cqqVBesRLJfiUir88o+yrsOOS0Cm8ijUG2kIj7PCW8xsbR848Aecz4H/qb6/ZN2jRgCzI=","https://i.scdn.co/image/e45f2ca5b6c1ad7f332d7b74432f697d94e96d05","That's What I Like","0KKkJNfGyhkQ5aFogxQAPU","Bruno Mars","24K Magic","https://i.scdn.co/image/bf41f93f8c895eff007b88bd2e23e12dfe078792",2017-12-05 07:25:55,88,"https://p.scdn.co/mp3-preview/f09116ce18bd77f543e68a925e5a96509e79ac6a?cid=7cd7c410d1a94e06b4a81e4bda235aa5","https://open.spotify.com/track/0KKkJNfGyhkQ5aFogxQAPU",0.853,0.56,"C#",-4.961,"major",0.0406,0.013,0,0.0944,0.86,134.066,206693,4,"C# major"
"10","Top Tracks of 2017: USA","37i9dQZF1DX7Axsg3uaDZb","https://api.spotify.com/v1/users/spotify/playlists/37i9dQZF1DX7Axsg3uaDZb/tracks?offset=0&limit=100",100,"WwOhi5cqqVBesRLJfiUir88o+yrsOOS0Cm8ijUG2kIj7PCW8xsbR848Aecz4H/qb6/ZN2jRgCzI=","https://i.scdn.co/image/e45f2ca5b6c1ad7f332d7b74432f697d94e96d05","Unforgettable","3B54sVLJ402zGa6Xm4YGNe","French Montana","Jungle Rules","https://i.scdn.co/image/6fe3712b430fc0ff32e06b355014324a481f7a9c",2017-12-05 07:25:55,90,"https://p.scdn.co/mp3-preview/3814de3ede7445566a5b176bb23120af44da62d8?cid=7cd7c410d1a94e06b4a81e4bda235aa5","https://open.spotify.com/track/3B54sVLJ402zGa6Xm4YGNe",0.726,0.769,"F#",-5.043,"major",0.123,0.0293,0.0101,0.104,0.733,97.985,233902,4,"F# major"
"11","Top Tracks of 2017: USA","37i9dQZF1DX7Axsg3uaDZb","https://api.spotify.com/v1/users/spotify/playlists/37i9dQZF1DX7Axsg3uaDZb/tracks?offset=0&limit=100",100,"WwOhi5cqqVBesRLJfiUir88o+yrsOOS0Cm8ijUG2kIj7PCW8xsbR848Aecz4H/qb6/ZN2jRgCzI=","https://i.scdn.co/image/e45f2ca5b6c1ad7f332d7b74432f697d94e96d05","I'm the One","3DXncPQOG4VBw3QHh3S817","DJ Khaled","Grateful","https://i.scdn.co/image/419e392fb9873bbb3eff0f4feccfe177840e1317",2017-12-05 07:25:55,84,"https://p.scdn.co/mp3-preview/bd3a4ddcdc9f41eedd1732279f50b5c74964fa24?cid=7cd7c410d1a94e06b4a81e4bda235aa5","https://open.spotify.com/track/3DXncPQOG4VBw3QHh3S817",0.609,0.668,"G",-4.284,"major",0.0367,0.0552,0,0.167,0.811,80.924,288600,4,"G major"
"12","Top Tracks of 2017: USA","37i9dQZF1DX7Axsg3uaDZb","https://api.spotify.com/v1/users/spotify/playlists/37i9dQZF1DX7Axsg3uaDZb/tracks?offset=0&limit=100",100,"WwOhi5cqqVBesRLJfiUir88o+yrsOOS0Cm8ijUG2kIj7PCW8xsbR848Aecz4H/qb6/ZN2jRgCzI=","https://i.scdn.co/image/e45f2ca5b6c1ad7f332d7b74432f697d94e96d05","Bad and Boujee (feat. Lil Uzi Vert)","4Km5HrUvYTaSUfiSGPJeQR","Migos","Culture","https://i.scdn.co/image/f56f23cbd3783f8594a4871ca0424ffb9de7a5cd",2017-12-05 07:25:55,82,"https://p.scdn.co/mp3-preview/7692f502539573458844535e54f247643d2f7157?cid=7cd7c410d1a94e06b4a81e4bda235aa5","https://open.spotify.com/track/4Km5HrUvYTaSUfiSGPJeQR",0.927,0.665,"B",-5.313,"major",0.244,0.061,0,0.123,0.175,127.076,343150,4,"B major"
"13","Top Tracks of 2017: USA","37i9dQZF1DX7Axsg3uaDZb","https://api.spotify.com/v1/users/spotify/playlists/37i9dQZF1DX7Axsg3uaDZb/tracks?offset=0&limit=100",100,"WwOhi5cqqVBesRLJfiUir88o+yrsOOS0Cm8ijUG2kIj7PCW8xsbR848Aecz4H/qb6/ZN2jRgCzI=","https://i.scdn.co/image/e45f2ca5b6c1ad7f332d7b74432f697d94e96d05","1-800-273-8255","5tz69p7tJuGPeMGwNTxYuV","Logic","Everybody","https://i.scdn.co/image/2c97f3e4f6c1203c21d8ec4493415d1053d67d99",2017-12-05 07:25:55,85,NA,"https://open.spotify.com/track/5tz69p7tJuGPeMGwNTxYuV",0.629,0.572,"F",-7.733,"minor",0.0387,0.57,0,0.192,0.386,100.015,250173,4,"F minor"
"14","Top Tracks of 2017: USA","37i9dQZF1DX7Axsg3uaDZb","https://api.spotify.com/v1/users/spotify/playlists/37i9dQZF1DX7Axsg3uaDZb/tracks?offset=0&limit=100",100,"WwOhi5cqqVBesRLJfiUir88o+yrsOOS0Cm8ijUG2kIj7PCW8xsbR848Aecz4H/qb6/ZN2jRgCzI=","https://i.scdn.co/image/e45f2ca5b6c1ad7f332d7b74432f697d94e96d05","goosebumps","6gBFPUFcJLzWGx4lenP6h2","Travis Scott","Birds In The Trap Sing McKnight","https://i.scdn.co/image/6c41981dc659cc8a19a0371f42951d8dec48db7c",2017-12-05 07:25:55,88,"https://p.scdn.co/mp3-preview/d6d1ec9bfc82463707878d5e36d15e7b8a364069?cid=7cd7c410d1a94e06b4a81e4bda235aa5","https://open.spotify.com/track/6gBFPUFcJLzWGx4lenP6h2",0.841,0.728,"G",-3.37,"major",0.0484,0.0847,0,0.149,0.43,130.049,243837,4,"G major"
"15","Top Tracks of 2017: USA","37i9dQZF1DX7Axsg3uaDZb","https://api.spotify.com/v1/users/spotify/playlists/37i9dQZF1DX7Axsg3uaDZb/tracks?offset=0&limit=100",100,"WwOhi5cqqVBesRLJfiUir88o+yrsOOS0Cm8ijUG2kIj7PCW8xsbR848Aecz4H/qb6/ZN2jRgCzI=","https://i.scdn.co/image/e45f2ca5b6c1ad7f332d7b74432f697d94e96d05","DNA.","6HZILIRieu8S0iqY8kIKhj","Kendrick Lamar","DAMN.","https://i.scdn.co/image/661e1a935e2eacdd45c05ef618565535e7bed2ad",2017-12-05 07:25:55,82,NA,"https://open.spotify.com/track/6HZILIRieu8S0iqY8kIKhj",0.637,0.514,"C#",-6.763,"major",0.365,0.0047,0,0.094,0.402,139.931,185947,4,"C# major"
"16","Top Tracks of 2017: USA","37i9dQZF1DX7Axsg3uaDZb","https://api.spotify.com/v1/users/spotify/playlists/37i9dQZF1DX7Axsg3uaDZb/tracks?offset=0&limit=100",100,"WwOhi5cqqVBesRLJfiUir88o+yrsOOS0Cm8ijUG2kIj7PCW8xsbR848Aecz4H/qb6/ZN2jRgCzI=","https://i.scdn.co/image/e45f2ca5b6c1ad7f332d7b74432f697d94e96d05","Bounce Back","0SGkqnVQo9KPytSri1H6cF","Big Sean","I Decided.","https://i.scdn.co/image/b6ff79f9faeab5753a5d6e33146c3ba02ea75e4f",2017-12-05 07:25:55,80,NA,"https://open.spotify.com/track/0SGkqnVQo9KPytSri1H6cF",0.77,0.567,"D",-5.698,"major",0.175,0.105,0,0.125,0.26,81.477,222360,4,"D major"
"17","Top Tracks of 2017: USA","37i9dQZF1DX7Axsg3uaDZb","https://api.spotify.com/v1/users/spotify/playlists/37i9dQZF1DX7Axsg3uaDZb/tracks?offset=0&limit=100",100,"WwOhi5cqqVBesRLJfiUir88o+yrsOOS0Cm8ijUG2kIj7PCW8xsbR848Aecz4H/qb6/ZN2jRgCzI=","https://i.scdn.co/image/e45f2ca5b6c1ad7f332d7b74432f697d94e96d05","Redbone","3kxfsdsCpFgN412fpnW85Y","Childish Gambino","""Awaken, My Love!""","https://i.scdn.co/image/7fed57396b710d4b8f8cd3b2fb7a0b735359a934",2017-12-05 07:25:55,82,NA,"https://open.spotify.com/track/3kxfsdsCpFgN412fpnW85Y",0.743,0.359,"C#",-10.401,"major",0.0794,0.199,0.00611,0.137,0.587,160.083,326933,4,"C# major"
"18","Top Tracks of 2017: USA","37i9dQZF1DX7Axsg3uaDZb","https://api.spotify.com/v1/users/spotify/playlists/37i9dQZF1DX7Axsg3uaDZb/tracks?offset=0&limit=100",100,"WwOhi5cqqVBesRLJfiUir88o+yrsOOS0Cm8ijUG2kIj7PCW8xsbR848Aecz4H/qb6/ZN2jRgCzI=","https://i.scdn.co/image/e45f2ca5b6c1ad7f332d7b74432f697d94e96d05","Fake Love","343YBumqHu19cGoGARUTsd","Drake","More Life","https://i.scdn.co/image/974010663ebd1e267ac11de88e07647eefbfa19d",2017-12-05 07:25:55,80,NA,"https://open.spotify.com/track/343YBumqHu19cGoGARUTsd",0.927,0.488,"A",-9.433,"minor",0.42,0.108,0,0.196,0.605,133.987,210937,4,"A minor"
"19","Top Tracks of 2017: USA","37i9dQZF1DX7Axsg3uaDZb","https://api.spotify.com/v1/users/spotify/playlists/37i9dQZF1DX7Axsg3uaDZb/tracks?offset=0&limit=100",100,"WwOhi5cqqVBesRLJfiUir88o+yrsOOS0Cm8ijUG2kIj7PCW8xsbR848Aecz4H/qb6/ZN2jRgCzI=","https://i.scdn.co/image/e45f2ca5b6c1ad7f332d7b74432f697d94e96d05","Body Like A Back Road","7mldq42yDuxiUNn08nvzHO","Sam Hunt","Body Like A Back Road","https://i.scdn.co/image/8f386375d213edac195e5ed8e8368e145fb00dbf",2017-12-05 07:25:55,82,NA,"https://open.spotify.com/track/7mldq42yDuxiUNn08nvzHO",0.731,0.469,"F",-7.226,"major",0.0326,0.463,1.04e-06,0.103,0.631,98.963,165387,4,"F major"
"20","Top Tracks of 2017: USA","37i9dQZF1DX7Axsg3uaDZb","https://api.spotify.com/v1/users/spotify/playlists/37i9dQZF1DX7Axsg3uaDZb/tracks?offset=0&limit=100",100,"WwOhi5cqqVBesRLJfiUir88o+yrsOOS0Cm8ijUG2kIj7PCW8xsbR848Aecz4H/qb6/ZN2jRgCzI=","https://i.scdn.co/image/e45f2ca5b6c1ad7f332d7b74432f697d94e96d05","Passionfruit","7hDc8b7IXETo14hHIHdnhd","Drake","More Life","https://i.scdn.co/image/459dbc62a8634b01fe3bbc4bc06d21cbb7b6cfde",2017-12-05 07:25:55,81,NA,"https://open.spotify.com/track/7hDc8b7IXETo14hHIHdnhd",0.809,0.463,"B",-11.377,"major",0.0396,0.256,0.085,0.109,0.364,111.98,298941,4,"B major"
"21","Top Tracks of 2017: USA","37i9dQZF1DX7Axsg3uaDZb","https://api.spotify.com/v1/users/spotify/playlists/37i9dQZF1DX7Axsg3uaDZb/tracks?offset=0&limit=100",100,"WwOhi5cqqVBesRLJfiUir88o+yrsOOS0Cm8ijUG2kIj7PCW8xsbR848Aecz4H/qb6/ZN2jRgCzI=","https://i.scdn.co/image/e45f2ca5b6c1ad7f332d7b74432f697d94e96d05","rockstar","7wGoVu4Dady5GV0Sv4UIsx","Post Malone","rockstar","https://i.scdn.co/image/8bea2dd679cb3eed7268d427067ac032a5dde4e9",2017-12-05 07:25:55,75,NA,"https://open.spotify.com/track/7wGoVu4Dady5GV0Sv4UIsx",0.577,0.522,"F",-6.594,"minor",0.0984,0.13,9.03e-05,0.142,0.119,159.772,218320,4,"F minor"
"22","Top Tracks of 2017: USA","37i9dQZF1DX7Axsg3uaDZb","https://api.spotify.com/v1/users/spotify/playlists/37i9dQZF1DX7Axsg3uaDZb/tracks?offset=0&limit=100",100,"WwOhi5cqqVBesRLJfiUir88o+yrsOOS0Cm8ijUG2kIj7PCW8xsbR848Aecz4H/qb6/ZN2jRgCzI=","https://i.scdn.co/image/e45f2ca5b6c1ad7f332d7b74432f697d94e96d05","Stay (with Alessia Cara)","0dA2Mk56wEzDgegdC6R17g","Zedd","Stay","https://i.scdn.co/image/d3a63c44ea9fd4b6520dec379f1dff9f311f19b6",2017-12-05 07:25:55,82,NA,"https://open.spotify.com/track/0dA2Mk56wEzDgegdC6R17g",0.679,0.634,"F",-5.024,"minor",0.0654,0.232,0,0.115,0.498,102.013,210091,4,"F minor"
"23","Top Tracks of 2017: USA","37i9dQZF1DX7Axsg3uaDZb","https://api.spotify.com/v1/users/spotify/playlists/37i9dQZF1DX7Axsg3uaDZb/tracks?offset=0&limit=100",100,"WwOhi5cqqVBesRLJfiUir88o+yrsOOS0Cm8ijUG2kIj7PCW8xsbR848Aecz4H/qb6/ZN2jRgCzI=","https://i.scdn.co/image/e45f2ca5b6c1ad7f332d7b74432f697d94e96d05","Believer","0CcQNd8CINkwQfe1RDtGV6","Imagine Dragons","Evolve","https://i.scdn.co/image/d437791a5159ac23270b8850c307c7da98e246cb",2017-12-05 07:25:55,71,NA,"https://open.spotify.com/track/0CcQNd8CINkwQfe1RDtGV6",0.779,0.787,"A#",-4.305,"minor",0.108,0.0524,0,0.14,0.708,124.982,204347,4,"A# minor"
"24","Top Tracks of 2017: USA","37i9dQZF1DX7Axsg3uaDZb","https://api.spotify.com/v1/users/spotify/playlists/37i9dQZF1DX7Axsg3uaDZb/tracks?offset=0&limit=100",100,"WwOhi5cqqVBesRLJfiUir88o+yrsOOS0Cm8ijUG2kIj7PCW8xsbR848Aecz4H/qb6/ZN2jRgCzI=","https://i.scdn.co/image/e45f2ca5b6c1ad7f332d7b74432f697d94e96d05","Tunnel Vision","4Q3N4Ct4zCuIHuZ65E3BD4","Kodak Black","Painting Pictures","https://i.scdn.co/image/54cb122c546ba1354bb51fa67d78e127f9668c30",2017-12-05 07:25:55,81,"https://p.scdn.co/mp3-preview/39e131a9b6a70f0ebb13a6b4ae5a1e530d5f812f?cid=7cd7c410d1a94e06b4a81e4bda235aa5","https://open.spotify.com/track/4Q3N4Ct4zCuIHuZ65E3BD4",0.497,0.489,"B",-7.724,"minor",0.294,0.0576,9.91e-05,0.122,0.231,171.853,268187,4,"B minor"
"25","Top Tracks of 2017: USA","37i9dQZF1DX7Axsg3uaDZb","https://api.spotify.com/v1/users/spotify/playlists/37i9dQZF1DX7Axsg3uaDZb/tracks?offset=0&limit=100",100,"WwOhi5cqqVBesRLJfiUir88o+yrsOOS0Cm8ijUG2kIj7PCW8xsbR848Aecz4H/qb6/ZN2jRgCzI=","https://i.scdn.co/image/e45f2ca5b6c1ad7f332d7b74432f697d94e96d05","Slide","7tr2za8SQg2CI8EDgrdtNl","Calvin Harris","Funk Wav Bounces Vol.1","https://i.scdn.co/image/5e9722f99e71ad424a3a8e46a4f7c5998460b885",2017-12-05 07:25:55,74,"https://p.scdn.co/mp3-preview/d3e8d7ced6e0f3844b8c0309a7d4baad511a3518?cid=7cd7c410d1a94e06b4a81e4bda235aa5","https://open.spotify.com/track/7tr2za8SQg2CI8EDgrdtNl",0.736,0.795,"C#",-3.299,"minor",0.0545,0.498,1.21e-06,0.254,0.511,104.066,230813,4,"C# minor"
"26","Top Tracks of 2017: USA","37i9dQZF1DX7Axsg3uaDZb","https://api.spotify.com/v1/users/spotify/playlists/37i9dQZF1DX7Axsg3uaDZb/tracks?offset=0&limit=100",100,"WwOhi5cqqVBesRLJfiUir88o+yrsOOS0Cm8ijUG2kIj7PCW8xsbR848Aecz4H/qb6/ZN2jRgCzI=","https://i.scdn.co/image/e45f2ca5b6c1ad7f332d7b74432f697d94e96d05","Issues","6D0b04NJIKfEMg040WioJQ","Julia Michaels","Nervous System","https://i.scdn.co/image/e756dd32e0194ac3f17956cb8b156640dc6ddb1d",2017-12-05 07:25:55,79,NA,"https://open.spotify.com/track/6D0b04NJIKfEMg040WioJQ",0.706,0.427,"G#",-6.864,"major",0.0879,0.413,0,0.0609,0.42,113.804,176320,4,"G# major"
"27","Top Tracks of 2017: USA","37i9dQZF1DX7Axsg3uaDZb","https://api.spotify.com/v1/users/spotify/playlists/37i9dQZF1DX7Axsg3uaDZb/tracks?offset=0&limit=100",100,"WwOhi5cqqVBesRLJfiUir88o+yrsOOS0Cm8ijUG2kIj7PCW8xsbR848Aecz4H/qb6/ZN2jRgCzI=","https://i.scdn.co/image/e45f2ca5b6c1ad7f332d7b74432f697d94e96d05","I Don’t Wanna Live Forever (Fifty Shades Darker) - From ""Fifty Shades Darker (Original Motion Picture Soundtrack)""","3NdDpSvN911VPGivFlV5d0","ZAYN","I Don’t Wanna Live Forever (Fifty Shades Darker)","https://i.scdn.co/image/7f9134aaf819b92e6576384eb7097ea3fa5e30bb",2017-12-05 07:25:55,83,NA,"https://open.spotify.com/track/3NdDpSvN911VPGivFlV5d0",0.735,0.451,"C",-8.374,"major",0.0585,0.0631,1.3e-05,0.325,0.0862,117.973,245200,4,"C major"
"28","Top Tracks of 2017: USA","37i9dQZF1DX7Axsg3uaDZb","https://api.spotify.com/v1/users/spotify/playlists/37i9dQZF1DX7Axsg3uaDZb/tracks?offset=0&limit=100",100,"WwOhi5cqqVBesRLJfiUir88o+yrsOOS0Cm8ijUG2kIj7PCW8xsbR848Aecz4H/qb6/ZN2jRgCzI=","https://i.scdn.co/image/e45f2ca5b6c1ad7f332d7b74432f697d94e96d05","T-Shirt","7KOlJ92bu51cltsD9KU5I7","Migos","Culture","https://i.scdn.co/image/f56f23cbd3783f8594a4871ca0424ffb9de7a5cd",2017-12-05 07:25:55,81,"https://p.scdn.co/mp3-preview/edd2f6579cc0e33d93b4348cab6b7dfee0dfedbc?cid=7cd7c410d1a94e06b4a81e4bda235aa5","https://open.spotify.com/track/7KOlJ92bu51cltsD9KU5I7",0.865,0.687,"A#",-3.744,"minor",0.217,0.242,0,0.158,0.486,139.023,242407,4,"A# minor"
"29","Top Tracks of 2017: USA","37i9dQZF1DX7Axsg3uaDZb","https://api.spotify.com/v1/users/spotify/playlists/37i9dQZF1DX7Axsg3uaDZb/tracks?offset=0&limit=100",100,"WwOhi5cqqVBesRLJfiUir88o+yrsOOS0Cm8ijUG2kIj7PCW8xsbR848Aecz4H/qb6/ZN2jRgCzI=","https://i.scdn.co/image/e45f2ca5b6c1ad7f332d7b74432f697d94e96d05","Bank Account","2fQrGHiQOvpL9UgPvtYy6G","21 Savage","Issa Album","https://i.scdn.co/image/c1198389b8aa0fa3ff453e4c7bdc2b1665e70386",2017-12-05 07:25:55,89,"https://p.scdn.co/mp3-preview/249295a31e99403d93c629504ba96e2f636cca20?cid=7cd7c410d1a94e06b4a81e4bda235aa5","https://open.spotify.com/track/2fQrGHiQOvpL9UgPvtYy6G",0.884,0.346,"G#",-8.228,"minor",0.351,0.0151,7.04e-06,0.0871,0.376,75.016,220307,4,"G# minor"
"30","Top Tracks of 2017: USA","37i9dQZF1DX7Axsg3uaDZb","https://api.spotify.com/v1/users/spotify/playlists/37i9dQZF1DX7Axsg3uaDZb/tracks?offset=0&limit=100",100,"WwOhi5cqqVBesRLJfiUir88o+yrsOOS0Cm8ijUG2kIj7PCW8xsbR848Aecz4H/qb6/ZN2jRgCzI=","https://i.scdn.co/image/e45f2ca5b6c1ad7f332d7b74432f697d94e96d05","Slippery (feat. Gucci Mane)","6p8NuHm8uCGnn2Dtbtf7zE","Migos","Culture","https://i.scdn.co/image/f56f23cbd3783f8594a4871ca0424ffb9de7a5cd",2017-12-05 07:25:55,85,"https://p.scdn.co/mp3-preview/25bf4c7c13f59a0bd7f0ce023a524892a7216872?cid=7cd7c410d1a94e06b4a81e4bda235aa5","https://open.spotify.com/track/6p8NuHm8uCGnn2Dtbtf7zE",0.92,0.674,"C#",-5.662,"minor",0.264,0.307,0,0.104,0.741,141.967,304041,4,"C# minor"
"31","Top Tracks of 2017: USA","37i9dQZF1DX7Axsg3uaDZb","https://api.spotify.com/v1/users/spotify/playlists/37i9dQZF1DX7Axsg3uaDZb/tracks?offset=0&limit=100",100,"WwOhi5cqqVBesRLJfiUir88o+yrsOOS0Cm8ijUG2kIj7PCW8xsbR848Aecz4H/qb6/ZN2jRgCzI=","https://i.scdn.co/image/e45f2ca5b6c1ad7f332d7b74432f697d94e96d05","Something Just Like This","6RUKPb4LETWmmr3iAEQktW","The Chainsmokers","Memories...Do Not Open","https://i.scdn.co/image/df3b17e748de56e4ce78ac29b216d3f99afd0c5a",2017-12-05 07:25:55,86,"https://p.scdn.co/mp3-preview/cb1ae1f9e2f874dd2d19e4c29edb552777eb1e7a?cid=7cd7c410d1a94e06b4a81e4bda235aa5","https://open.spotify.com/track/6RUKPb4LETWmmr3iAEQktW",0.617,0.635,"B",-6.769,"minor",0.0317,0.0498,1.44e-05,0.164,0.446,103.019,247160,4,"B minor"
"32","Top Tracks of 2017: USA","37i9dQZF1DX7Axsg3uaDZb","https://api.spotify.com/v1/users/spotify/playlists/37i9dQZF1DX7Axsg3uaDZb/tracks?offset=0&limit=100",100,"WwOhi5cqqVBesRLJfiUir88o+yrsOOS0Cm8ijUG2kIj7PCW8xsbR848Aecz4H/qb6/ZN2jRgCzI=","https://i.scdn.co/image/e45f2ca5b6c1ad7f332d7b74432f697d94e96d05","It Ain't Me (with Selena Gomez)","3eR23VReFzcdmS7TYCrhCe","Kygo","It Ain't Me (with Selena Gomez)","https://i.scdn.co/image/fa723e93606cb5b5d5d14a01c397807bdc05ef1f",2017-12-05 07:25:55,84,"https://p.scdn.co/mp3-preview/14c4f664755de848314b8acafae1f18fcc4f8660?cid=7cd7c410d1a94e06b4a81e4bda235aa5","https://open.spotify.com/track/3eR23VReFzcdmS7TYCrhCe",0.64,0.533,"C",-6.596,"major",0.0706,0.119,0,0.0864,0.515,99.968,220781,4,"C major"
"33","Top Tracks of 2017: USA","37i9dQZF1DX7Axsg3uaDZb","https://api.spotify.com/v1/users/spotify/playlists/37i9dQZF1DX7Axsg3uaDZb/tracks?offset=0&limit=100",100,"WwOhi5cqqVBesRLJfiUir88o+yrsOOS0Cm8ijUG2kIj7PCW8xsbR848Aecz4H/qb6/ZN2jRgCzI=","https://i.scdn.co/image/e45f2ca5b6c1ad7f332d7b74432f697d94e96d05","Starboy","5aAx2yezTd8zXrkmtKl66Z","The Weeknd","Starboy","https://i.scdn.co/image/2c7ef91e8327dec51919d1f3be37a411b4028306",2017-12-05 07:25:55,83,NA,"https://open.spotify.com/track/5aAx2yezTd8zXrkmtKl66Z",0.681,0.594,"G",-7.028,"major",0.282,0.165,3.49e-06,0.134,0.535,186.054,230453,4,"G major"
"34","Top Tracks of 2017: USA","37i9dQZF1DX7Axsg3uaDZb","https://api.spotify.com/v1/users/spotify/playlists/37i9dQZF1DX7Axsg3uaDZb/tracks?offset=0&limit=100",100,"WwOhi5cqqVBesRLJfiUir88o+yrsOOS0Cm8ijUG2kIj7PCW8xsbR848Aecz4H/qb6/ZN2jRgCzI=","https://i.scdn.co/image/e45f2ca5b6c1ad7f332d7b74432f697d94e96d05","LOVE. FEAT. ZACARI.","6PGoSes0D9eUDeeAafB2As","Kendrick Lamar","DAMN.","https://i.scdn.co/image/661e1a935e2eacdd45c05ef618565535e7bed2ad",2017-12-05 07:25:55,86,NA,"https://open.spotify.com/track/6PGoSes0D9eUDeeAafB2As",0.798,0.582,"A#",-7.38,"major",0.103,0.29,0,0.153,0.766,126.075,213400,4,"A# major"
"35","Top Tracks of 2017: USA","37i9dQZF1DX7Axsg3uaDZb","https://api.spotify.com/v1/users/spotify/playlists/37i9dQZF1DX7Axsg3uaDZb/tracks?offset=0&limit=100",100,"WwOhi5cqqVBesRLJfiUir88o+yrsOOS0Cm8ijUG2kIj7PCW8xsbR848Aecz4H/qb6/ZN2jRgCzI=","https://i.scdn.co/image/e45f2ca5b6c1ad7f332d7b74432f697d94e96d05","Paris","72jbDTw1piOOj770jWNeaG","The Chainsmokers","Memories...Do Not Open","https://i.scdn.co/image/df3b17e748de56e4ce78ac29b216d3f99afd0c5a",2017-12-05 07:25:55,77,"https://p.scdn.co/mp3-preview/1bf99008d3c4ef8f26d7bec1f535efe6b261a91c?cid=7cd7c410d1a94e06b4a81e4bda235aa5","https://open.spotify.com/track/72jbDTw1piOOj770jWNeaG",0.653,0.658,"D",-6.428,"major",0.0304,0.0215,1.66e-06,0.0939,0.219,99.99,221507,4,"D major"
"36","Top Tracks of 2017: USA","37i9dQZF1DX7Axsg3uaDZb","https://api.spotify.com/v1/users/spotify/playlists/37i9dQZF1DX7Axsg3uaDZb/tracks?offset=0&limit=100",100,"WwOhi5cqqVBesRLJfiUir88o+yrsOOS0Cm8ijUG2kIj7PCW8xsbR848Aecz4H/qb6/ZN2jRgCzI=","https://i.scdn.co/image/e45f2ca5b6c1ad7f332d7b74432f697d94e96d05","Young Dumb & Broke","5Z3GHaZ6ec9bsiI5BenrbY","Khalid","American Teen","https://i.scdn.co/image/5026fddc6c0b69e931ae99130f15d4214f1e7d41",2017-12-05 07:25:55,91,"https://p.scdn.co/mp3-preview/6f984c9c6e43eccb00fefdce091212f08887258a?cid=7cd7c410d1a94e06b4a81e4bda235aa5","https://open.spotify.com/track/5Z3GHaZ6ec9bsiI5BenrbY",0.798,0.539,"C#",-6.351,"major",0.0421,0.199,1.66e-05,0.165,0.394,136.949,202547,4,"C# major"
"37","Top Tracks of 2017: USA","37i9dQZF1DX7Axsg3uaDZb","https://api.spotify.com/v1/users/spotify/playlists/37i9dQZF1DX7Axsg3uaDZb/tracks?offset=0&limit=100",100,"WwOhi5cqqVBesRLJfiUir88o+yrsOOS0Cm8ijUG2kIj7PCW8xsbR848Aecz4H/qb6/ZN2jRgCzI=","https://i.scdn.co/image/e45f2ca5b6c1ad7f332d7b74432f697d94e96d05","Say You Won't Let Go","5uCax9HTNlzGybIStD3vDh","James Arthur","Back from the Edge","https://i.scdn.co/image/2efcd08e635499fc5cb5b17716090bcea82e418b",2017-12-05 07:25:55,86,"https://p.scdn.co/mp3-preview/00825cb1779b31d68964eda6f2a7911fc2ae96c6?cid=7cd7c410d1a94e06b4a81e4bda235aa5","https://open.spotify.com/track/5uCax9HTNlzGybIStD3vDh",0.358,0.557,"A#",-7.398,"major",0.059,0.695,0,0.0902,0.494,85.043,211467,4,"A# major"
"38","Top Tracks of 2017: USA","37i9dQZF1DX7Axsg3uaDZb","https://api.spotify.com/v1/users/spotify/playlists/37i9dQZF1DX7Axsg3uaDZb/tracks?offset=0&limit=100",100,"WwOhi5cqqVBesRLJfiUir88o+yrsOOS0Cm8ijUG2kIj7PCW8xsbR848Aecz4H/qb6/ZN2jRgCzI=","https://i.scdn.co/image/e45f2ca5b6c1ad7f332d7b74432f697d94e96d05","Closer","7BKLCZ1jbUBVqRi2FVlTVw","The Chainsmokers","Closer","https://i.scdn.co/image/512bd22e2bc73f9883b8612daf4f23acaac3c776",2017-12-05 07:25:55,88,"https://p.scdn.co/mp3-preview/8d3df1c64907cb183bff5a127b1525b530992afb?cid=7cd7c410d1a94e06b4a81e4bda235aa5","https://open.spotify.com/track/7BKLCZ1jbUBVqRi2FVlTVw",0.748,0.524,"G#",-5.599,"major",0.0338,0.414,0,0.111,0.661,95.01,244960,4,"G# major"
"39","Top Tracks of 2017: USA","37i9dQZF1DX7Axsg3uaDZb","https://api.spotify.com/v1/users/spotify/playlists/37i9dQZF1DX7Axsg3uaDZb/tracks?offset=0&limit=100",100,"WwOhi5cqqVBesRLJfiUir88o+yrsOOS0Cm8ijUG2kIj7PCW8xsbR848Aecz4H/qb6/ZN2jRgCzI=","https://i.scdn.co/image/e45f2ca5b6c1ad7f332d7b74432f697d94e96d05","Portland","2bjwRfXMk4uRgOD9IBYl9h","Drake","More Life","https://i.scdn.co/image/974010663ebd1e267ac11de88e07647eefbfa19d",2017-12-05 07:25:55,79,NA,"https://open.spotify.com/track/2bjwRfXMk4uRgOD9IBYl9h",0.924,0.444,"C#",-8.227,"major",0.243,0.0143,0,0.26,0.314,136.088,236615,4,"C# major"
"40","Top Tracks of 2017: USA","37i9dQZF1DX7Axsg3uaDZb","https://api.spotify.com/v1/users/spotify/playlists/37i9dQZF1DX7Axsg3uaDZb/tracks?offset=0&limit=100",100,"WwOhi5cqqVBesRLJfiUir88o+yrsOOS0Cm8ijUG2kIj7PCW8xsbR848Aecz4H/qb6/ZN2jRgCzI=","https://i.scdn.co/image/e45f2ca5b6c1ad7f332d7b74432f697d94e96d05","Drowning (feat. Kodak Black)","1f5cbQtDrykjarZVrShaDI","A Boogie Wit da Hoodie","The Bigger Artist","https://i.scdn.co/image/296853b979d665ed43312182160d5404866c5090",2017-12-05 07:25:55,84,"https://p.scdn.co/mp3-preview/eddebe070cb8339e7f04ca7dce27052d090e277f?cid=7cd7c410d1a94e06b4a81e4bda235aa5","https://open.spotify.com/track/1f5cbQtDrykjarZVrShaDI",0.839,0.81,"F",-5.274,"minor",0.0568,0.501,0,0.117,0.814,129.014,209269,4,"F minor"
"41","Top Tracks of 2017: USA","37i9dQZF1DX7Axsg3uaDZb","https://api.spotify.com/v1/users/spotify/playlists/37i9dQZF1DX7Axsg3uaDZb/tracks?offset=0&limit=100",100,"WwOhi5cqqVBesRLJfiUir88o+yrsOOS0Cm8ijUG2kIj7PCW8xsbR848Aecz4H/qb6/ZN2jRgCzI=","https://i.scdn.co/image/e45f2ca5b6c1ad7f332d7b74432f697d94e96d05","Swang","6mapJIPnQ23RTAevUoE0DL","Rae Sremmurd","SremmLife 2 (Deluxe)","https://i.scdn.co/image/534eaab939f9ad6de709fbc7fa534c2daaa4f7ac",2017-12-05 07:25:55,77,NA,"https://open.spotify.com/track/6mapJIPnQ23RTAevUoE0DL",0.678,0.317,"G#",-9.427,"major",0.0583,0.215,4.31e-05,0.101,0.16,140.009,208120,4,"G# major"
"42","Top Tracks of 2017: USA","37i9dQZF1DX7Axsg3uaDZb","https://api.spotify.com/v1/users/spotify/playlists/37i9dQZF1DX7Axsg3uaDZb/tracks?offset=0&limit=100",100,"WwOhi5cqqVBesRLJfiUir88o+yrsOOS0Cm8ijUG2kIj7PCW8xsbR848Aecz4H/qb6/ZN2jRgCzI=","https://i.scdn.co/image/e45f2ca5b6c1ad7f332d7b74432f697d94e96d05","Wild Thoughts","1OAh8uOEOvTDqkKFsKksCi","DJ Khaled","Grateful","https://i.scdn.co/image/419e392fb9873bbb3eff0f4feccfe177840e1317",2017-12-05 07:25:55,84,"https://p.scdn.co/mp3-preview/0125e266e263979998023260663762f4af55ced7?cid=7cd7c410d1a94e06b4a81e4bda235aa5","https://open.spotify.com/track/1OAh8uOEOvTDqkKFsKksCi",0.671,0.672,"C",-3.094,"minor",0.0688,0.0329,0,0.118,0.632,97.98,204173,4,"C minor"
"43","Top Tracks of 2017: USA","37i9dQZF1DX7Axsg3uaDZb","https://api.spotify.com/v1/users/spotify/playlists/37i9dQZF1DX7Axsg3uaDZb/tracks?offset=0&limit=100",100,"WwOhi5cqqVBesRLJfiUir88o+yrsOOS0Cm8ijUG2kIj7PCW8xsbR848Aecz4H/qb6/ZN2jRgCzI=","https://i.scdn.co/image/e45f2ca5b6c1ad7f332d7b74432f697d94e96d05","Butterfly Effect","1yxgsra98r3qAtxqiGZPiX","Travis Scott","Butterfly Effect","https://i.scdn.co/image/d3d0ba82dd853654b6814daaf44c613819054e2a",2017-12-05 07:25:55,88,"https://p.scdn.co/mp3-preview/626db743053d334941ffe68648be4a339ecd69db?cid=7cd7c410d1a94e06b4a81e4bda235aa5","https://open.spotify.com/track/1yxgsra98r3qAtxqiGZPiX",0.763,0.598,"B",-6.865,"major",0.0539,0.0714,0,0.112,0.182,140.987,190678,4,"B major"
"44","Top Tracks of 2017: USA","37i9dQZF1DX7Axsg3uaDZb","https://api.spotify.com/v1/users/spotify/playlists/37i9dQZF1DX7Axsg3uaDZb/tracks?offset=0&limit=100",100,"WwOhi5cqqVBesRLJfiUir88o+yrsOOS0Cm8ijUG2kIj7PCW8xsbR848Aecz4H/qb6/ZN2jRgCzI=","https://i.scdn.co/image/e45f2ca5b6c1ad7f332d7b74432f697d94e96d05","I Feel It Coming","5GXAXm5YOmYT0kL5jHvYBt","The Weeknd","Starboy","https://i.scdn.co/image/847e23d6681ecd0024489e250de35e6ccb2078e5",2017-12-05 07:25:55,72,NA,"https://open.spotify.com/track/5GXAXm5YOmYT0kL5jHvYBt",0.768,0.813,"C",-5.94,"minor",0.128,0.427,0,0.102,0.579,92.994,269187,4,"C minor"
"45","Top Tracks of 2017: USA","37i9dQZF1DX7Axsg3uaDZb","https://api.spotify.com/v1/users/spotify/playlists/37i9dQZF1DX7Axsg3uaDZb/tracks?offset=0&limit=100",100,"WwOhi5cqqVBesRLJfiUir88o+yrsOOS0Cm8ijUG2kIj7PCW8xsbR848Aecz4H/qb6/ZN2jRgCzI=","https://i.scdn.co/image/e45f2ca5b6c1ad7f332d7b74432f697d94e96d05","Caroline","5hTpBe8h35rJ67eAWHQsJx","Aminé","Good For You","https://i.scdn.co/image/ab7bf6c14c0f120218192454d802a4788890d579",2017-12-05 07:25:55,78,NA,"https://open.spotify.com/track/5hTpBe8h35rJ67eAWHQsJx",0.941,0.323,"A#",-10.307,"major",0.506,0.176,0,0.205,0.662,120.036,209640,4,"A# major"
"46","Top Tracks of 2017: USA","37i9dQZF1DX7Axsg3uaDZb","https://api.spotify.com/v1/users/spotify/playlists/37i9dQZF1DX7Axsg3uaDZb/tracks?offset=0&limit=100",100,"WwOhi5cqqVBesRLJfiUir88o+yrsOOS0Cm8ijUG2kIj7PCW8xsbR848Aecz4H/qb6/ZN2jRgCzI=","https://i.scdn.co/image/e45f2ca5b6c1ad7f332d7b74432f697d94e96d05","LOYALTY. FEAT. RIHANNA.","6SwRhMLwNqEi6alNPVG00n","Kendrick Lamar","DAMN.","https://i.scdn.co/image/661e1a935e2eacdd45c05ef618565535e7bed2ad",2017-12-05 07:25:55,79,NA,"https://open.spotify.com/track/6SwRhMLwNqEi6alNPVG00n",0.681,0.541,"A",-8.926,"minor",0.055,0.0224,0,0.167,0.413,110.803,227360,4,"A minor"
"47","Top Tracks of 2017: USA","37i9dQZF1DX7Axsg3uaDZb","https://api.spotify.com/v1/users/spotify/playlists/37i9dQZF1DX7Axsg3uaDZb/tracks?offset=0&limit=100",100,"WwOhi5cqqVBesRLJfiUir88o+yrsOOS0Cm8ijUG2kIj7PCW8xsbR848Aecz4H/qb6/ZN2jRgCzI=","https://i.scdn.co/image/e45f2ca5b6c1ad7f332d7b74432f697d94e96d05","Attention","4iLqG9SeJSnt0cSPICSjxv","Charlie Puth","Attention","https://i.scdn.co/image/6265da980122bf65c65414fc9745097cd743cf35",2017-12-05 07:25:55,89,"https://p.scdn.co/mp3-preview/e20bdb50a10a7c5ada4bd34252bed3bfa3823b7a?cid=7cd7c410d1a94e06b4a81e4bda235aa5","https://open.spotify.com/track/4iLqG9SeJSnt0cSPICSjxv",0.774,0.626,"D#",-4.432,"minor",0.0432,0.0969,3.12e-05,0.0848,0.777,100.041,211475,4,"D# minor"
"48","Top Tracks of 2017: USA","37i9dQZF1DX7Axsg3uaDZb","https://api.spotify.com/v1/users/spotify/playlists/37i9dQZF1DX7Axsg3uaDZb/tracks?offset=0&limit=100",100,"WwOhi5cqqVBesRLJfiUir88o+yrsOOS0Cm8ijUG2kIj7PCW8xsbR848Aecz4H/qb6/ZN2jRgCzI=","https://i.scdn.co/image/e45f2ca5b6c1ad7f332d7b74432f697d94e96d05","Magnolia","1e1JKLEDKP7hEQzJfNAgPl","Playboi Carti","Playboi Carti","https://i.scdn.co/image/b63a4c4bf11b45d02f3c7c2deba7f77867e4cffb",2017-12-05 07:25:55,81,NA,"https://open.spotify.com/track/1e1JKLEDKP7hEQzJfNAgPl",0.791,0.586,"B",-7.372,"minor",0.29,0.012,0,0.46,0.413,163.029,181812,4,"B minor"
"49","Top Tracks of 2017: USA","37i9dQZF1DX7Axsg3uaDZb","https://api.spotify.com/v1/users/spotify/playlists/37i9dQZF1DX7Axsg3uaDZb/tracks?offset=0&limit=100",100,"WwOhi5cqqVBesRLJfiUir88o+yrsOOS0Cm8ijUG2kIj7PCW8xsbR848Aecz4H/qb6/ZN2jRgCzI=","https://i.scdn.co/image/e45f2ca5b6c1ad7f332d7b74432f697d94e96d05","Bodak Yellow","2771LMNxwf62FTAdpJMQfM","Cardi B","Bodak Yellow","https://i.scdn.co/image/88e6c15850cc727f973cc0b97e2275f9ced97c78",2017-12-05 07:25:55,88,"https://p.scdn.co/mp3-preview/35254f7611813c692709161d41cb04a694c9b5fa?cid=7cd7c410d1a94e06b4a81e4bda235aa5","https://open.spotify.com/track/2771LMNxwf62FTAdpJMQfM",0.929,0.723,"B",-5.792,"minor",0.109,0.0672,0,0.346,0.458,125.022,223962,4,"B minor"
"50","Top Tracks of 2017: USA","37i9dQZF1DX7Axsg3uaDZb","https://api.spotify.com/v1/users/spotify/playlists/37i9dQZF1DX7Axsg3uaDZb/tracks?offset=0&limit=100",100,"WwOhi5cqqVBesRLJfiUir88o+yrsOOS0Cm8ijUG2kIj7PCW8xsbR848Aecz4H/qb6/ZN2jRgCzI=","https://i.scdn.co/image/e45f2ca5b6c1ad7f332d7b74432f697d94e96d05","Broccoli (feat. Lil Yachty)","7yyRTcZmCiyzzJlNzGC9Ol","DRAM","Big Baby DRAM","https://i.scdn.co/image/23e27d08a4314ae1feeb9b011b84a9bd7add6ac5",2017-12-05 07:25:55,75,"https://p.scdn.co/mp3-preview/4858b2a71d5c356c88960cef3e09923e01365631?cid=7cd7c410d1a94e06b4a81e4bda235aa5","https://open.spotify.com/track/7yyRTcZmCiyzzJlNzGC9Ol",0.886,0.525,"G#",-7.39,"major",0.131,0.236,0,0.057,0.708,145.99,225205,4,"G# major"
"51","Top Tracks of 2017: USA","37i9dQZF1DX7Axsg3uaDZb","https://api.spotify.com/v1/users/spotify/playlists/37i9dQZF1DX7Axsg3uaDZb/tracks?offset=0&limit=100",100,"WwOhi5cqqVBesRLJfiUir88o+yrsOOS0Cm8ijUG2kIj7PCW8xsbR848Aecz4H/qb6/ZN2jRgCzI=","https://i.scdn.co/image/e45f2ca5b6c1ad7f332d7b74432f697d94e96d05","Thunder","0tKcYR2II1VCQWT79i5NrW","Imagine Dragons","Evolve","https://i.scdn.co/image/d437791a5159ac23270b8850c307c7da98e246cb",2017-12-05 07:25:55,74,NA,"https://open.spotify.com/track/0tKcYR2II1VCQWT79i5NrW",0.6,0.81,"C",-4.749,"major",0.0479,0.00683,0.21,0.155,0.298,167.88,187147,4,"C major"
"52","Top Tracks of 2017: USA","37i9dQZF1DX7Axsg3uaDZb","https://api.spotify.com/v1/users/spotify/playlists/37i9dQZF1DX7Axsg3uaDZb/tracks?offset=0&limit=100",100,"WwOhi5cqqVBesRLJfiUir88o+yrsOOS0Cm8ijUG2kIj7PCW8xsbR848Aecz4H/qb6/ZN2jRgCzI=","https://i.scdn.co/image/e45f2ca5b6c1ad7f332d7b74432f697d94e96d05","Strip That Down","6EpRaXYhGOB3fj4V2uDkMJ","Liam Payne","Strip That Down","https://i.scdn.co/image/3a790a2cc6ec3407b5908aca1ed3cade8e321741",2017-12-05 07:25:55,84,NA,"https://open.spotify.com/track/6EpRaXYhGOB3fj4V2uDkMJ",0.869,0.485,"F#",-5.595,"major",0.0545,0.246,0,0.0765,0.527,106.028,204502,4,"F# major"
"53","Top Tracks of 2017: USA","37i9dQZF1DX7Axsg3uaDZb","https://api.spotify.com/v1/users/spotify/playlists/37i9dQZF1DX7Axsg3uaDZb/tracks?offset=0&limit=100",100,"WwOhi5cqqVBesRLJfiUir88o+yrsOOS0Cm8ijUG2kIj7PCW8xsbR848Aecz4H/qb6/ZN2jRgCzI=","https://i.scdn.co/image/e45f2ca5b6c1ad7f332d7b74432f697d94e96d05","Despacito (Featuring Daddy Yankee)","4aWmUDTfIPGksMNLV2rQP2","Luis Fonsi","Despacito (Featuring Daddy Yankee)","https://i.scdn.co/image/c9e5e9d2be42375c25276420cf6f43fdb034c973",2017-12-05 07:25:55,83,NA,"https://open.spotify.com/track/4aWmUDTfIPGksMNLV2rQP2",0.66,0.786,"D",-4.757,"major",0.17,0.209,0,0.112,0.846,177.833,228200,4,"D major"
"54","Top Tracks of 2017: USA","37i9dQZF1DX7Axsg3uaDZb","https://api.spotify.com/v1/users/spotify/playlists/37i9dQZF1DX7Axsg3uaDZb/tracks?offset=0&limit=100",100,"WwOhi5cqqVBesRLJfiUir88o+yrsOOS0Cm8ijUG2kIj7PCW8xsbR848Aecz4H/qb6/ZN2jRgCzI=","https://i.scdn.co/image/e45f2ca5b6c1ad7f332d7b74432f697d94e96d05","Look At Me!","7floNISpH8VF4z4459Qo18","XXXTENTACION","Look At Me!","https://i.scdn.co/image/62cbbb3ffd4dd111c11e8f0d2ac0c5dfa1585a1f",2017-12-05 07:25:55,81,"https://p.scdn.co/mp3-preview/b1aec4586cd200a817ed4d28baaaa2b3aa483e26?cid=7cd7c410d1a94e06b4a81e4bda235aa5","https://open.spotify.com/track/7floNISpH8VF4z4459Qo18",0.763,0.726,"C#",-6.405,"major",0.282,0.259,0,0.0976,0.349,139.059,126346,4,"C# major"
"55","Top Tracks of 2017: USA","37i9dQZF1DX7Axsg3uaDZb","https://api.spotify.com/v1/users/spotify/playlists/37i9dQZF1DX7Axsg3uaDZb/tracks?offset=0&limit=100",100,"WwOhi5cqqVBesRLJfiUir88o+yrsOOS0Cm8ijUG2kIj7PCW8xsbR848Aecz4H/qb6/ZN2jRgCzI=","https://i.scdn.co/image/e45f2ca5b6c1ad7f332d7b74432f697d94e96d05","Sorry Not Sorry","3m660poUr1chesgkkjQM7P","Demi Lovato","Tell Me You Love Me (Deluxe)","https://i.scdn.co/image/d219328e6e2018da8586b6482ecfbff69e8454aa",2017-12-05 07:25:55,84,NA,"https://open.spotify.com/track/3m660poUr1chesgkkjQM7P",0.704,0.633,"B",-6.923,"minor",0.241,0.0214,0,0.29,0.863,144.021,203760,4,"B minor"
"56","Top Tracks of 2017: USA","37i9dQZF1DX7Axsg3uaDZb","https://api.spotify.com/v1/users/spotify/playlists/37i9dQZF1DX7Axsg3uaDZb/tracks?offset=0&limit=100",100,"WwOhi5cqqVBesRLJfiUir88o+yrsOOS0Cm8ijUG2kIj7PCW8xsbR848Aecz4H/qb6/ZN2jRgCzI=","https://i.scdn.co/image/e45f2ca5b6c1ad7f332d7b74432f697d94e96d05","Castle on the Hill","6PCUP3dWmTjcTtXY02oFdT","Ed Sheeran","÷ (Deluxe)","https://i.scdn.co/image/e6a84983ed9b0a04ce633b021329f7df034e7c7c",2017-12-05 07:25:55,84,"https://p.scdn.co/mp3-preview/beb4ed48cca5d2a792e877c7efe92d54046eac67?cid=7cd7c410d1a94e06b4a81e4bda235aa5","https://open.spotify.com/track/6PCUP3dWmTjcTtXY02oFdT",0.461,0.834,"D",-4.868,"major",0.0989,0.0232,1.14e-05,0.14,0.471,135.007,261154,4,"D major"
"57","Top Tracks of 2017: USA","37i9dQZF1DX7Axsg3uaDZb","https://api.spotify.com/v1/users/spotify/playlists/37i9dQZF1DX7Axsg3uaDZb/tracks?offset=0&limit=100",100,"WwOhi5cqqVBesRLJfiUir88o+yrsOOS0Cm8ijUG2kIj7PCW8xsbR848Aecz4H/qb6/ZN2jRgCzI=","https://i.scdn.co/image/e45f2ca5b6c1ad7f332d7b74432f697d94e96d05","X (feat. Future)","6fwdbPMwP1zVStm8FybmkO","21 Savage","Savage Mode","https://i.scdn.co/image/404ff23f804534d9266b95bd5a81cb33a1675c00",2017-12-05 07:25:55,81,"https://p.scdn.co/mp3-preview/378ccd78be223f579b885d1f1195d29948514f9f?cid=7cd7c410d1a94e06b4a81e4bda235aa5","https://open.spotify.com/track/6fwdbPMwP1zVStm8FybmkO",0.835,0.413,"C#",-9.81,"major",0.396,0.373,0.00133,0.101,0.111,149.004,258880,4,"C# major"
"58","Top Tracks of 2017: USA","37i9dQZF1DX7Axsg3uaDZb","https://api.spotify.com/v1/users/spotify/playlists/37i9dQZF1DX7Axsg3uaDZb/tracks?offset=0&limit=100",100,"WwOhi5cqqVBesRLJfiUir88o+yrsOOS0Cm8ijUG2kIj7PCW8xsbR848Aecz4H/qb6/ZN2jRgCzI=","https://i.scdn.co/image/e45f2ca5b6c1ad7f332d7b74432f697d94e96d05","Now Or Never","7i2DJ88J7jQ8K7zqFX2fW8","Halsey","hopeless fountain kingdom (Deluxe)","https://i.scdn.co/image/bdf096a7ffc6c2fa051adecf704b5695d316471a",2017-12-05 07:25:55,77,NA,"https://open.spotify.com/track/7i2DJ88J7jQ8K7zqFX2fW8",0.658,0.588,"F#",-4.902,"minor",0.0367,0.105,1.28e-06,0.125,0.434,110.075,214802,4,"F# minor"
"59","Top Tracks of 2017: USA","37i9dQZF1DX7Axsg3uaDZb","https://api.spotify.com/v1/users/spotify/playlists/37i9dQZF1DX7Axsg3uaDZb/tracks?offset=0&limit=100",100,"WwOhi5cqqVBesRLJfiUir88o+yrsOOS0Cm8ijUG2kIj7PCW8xsbR848Aecz4H/qb6/ZN2jRgCzI=","https://i.scdn.co/image/e45f2ca5b6c1ad7f332d7b74432f697d94e96d05","Black Beatles","6fujklziTHa8uoM5OQSfIo","Rae Sremmurd","SremmLife 2 (Deluxe)","https://i.scdn.co/image/534eaab939f9ad6de709fbc7fa534c2daaa4f7ac",2017-12-05 07:25:55,76,NA,"https://open.spotify.com/track/6fujklziTHa8uoM5OQSfIo",0.794,0.646,"C",-6.235,"major",0.0614,0.13,0,0.14,0.322,145.931,291893,4,"C major"
"60","Top Tracks of 2017: USA","37i9dQZF1DX7Axsg3uaDZb","https://api.spotify.com/v1/users/spotify/playlists/37i9dQZF1DX7Axsg3uaDZb/tracks?offset=0&limit=100",100,"WwOhi5cqqVBesRLJfiUir88o+yrsOOS0Cm8ijUG2kIj7PCW8xsbR848Aecz4H/qb6/ZN2jRgCzI=","https://i.scdn.co/image/e45f2ca5b6c1ad7f332d7b74432f697d94e96d05","There's Nothing Holdin' Me Back","79cuOz3SPQTuFrp8WgftAu","Shawn Mendes","Illuminate (Deluxe)","https://i.scdn.co/image/c2a79e47d7487784c3be29841d3fa2bcf6b6558b",2017-12-05 07:25:55,85,NA,"https://open.spotify.com/track/79cuOz3SPQTuFrp8WgftAu",0.857,0.8,"D",-4.035,"major",0.0583,0.381,0,0.0913,0.966,121.996,199440,4,"D major"
"61","Top Tracks of 2017: USA","37i9dQZF1DX7Axsg3uaDZb","https://api.spotify.com/v1/users/spotify/playlists/37i9dQZF1DX7Axsg3uaDZb/tracks?offset=0&limit=100",100,"WwOhi5cqqVBesRLJfiUir88o+yrsOOS0Cm8ijUG2kIj7PCW8xsbR848Aecz4H/qb6/ZN2jRgCzI=","https://i.scdn.co/image/e45f2ca5b6c1ad7f332d7b74432f697d94e96d05","I Fall Apart","75ZvA4QfFiZvzhj2xkaWAh","Post Malone","Stoney (Deluxe)","https://i.scdn.co/image/17e68a2e03de74a114bf6609d69f9bdbf6029f70",2017-12-05 07:25:55,90,NA,"https://open.spotify.com/track/75ZvA4QfFiZvzhj2xkaWAh",0.573,0.543,"G#",-5.357,"minor",0.0398,0.0777,0,0.199,0.308,143.916,223347,4,"G# minor"
"62","Top Tracks of 2017: USA","37i9dQZF1DX7Axsg3uaDZb","https://api.spotify.com/v1/users/spotify/playlists/37i9dQZF1DX7Axsg3uaDZb/tracks?offset=0&limit=100",100,"WwOhi5cqqVBesRLJfiUir88o+yrsOOS0Cm8ijUG2kIj7PCW8xsbR848Aecz4H/qb6/ZN2jRgCzI=","https://i.scdn.co/image/e45f2ca5b6c1ad7f332d7b74432f697d94e96d05","No Problem (feat. Lil Wayne & 2 Chainz)","0v9Wz8o0BT8DU38R4ddjeH","Chance The Rapper","Coloring Book","https://i.scdn.co/image/717290460ec646ffa372c7f483835eaacfea34f7",2017-12-05 07:25:55,80,"https://p.scdn.co/mp3-preview/01adf736fae9dcac5dc1320daf12d8f58a273f4e?cid=7cd7c410d1a94e06b4a81e4bda235aa5","https://open.spotify.com/track/0v9Wz8o0BT8DU38R4ddjeH",0.652,0.795,"B",-5.192,"minor",0.174,0.156,0,0.123,0.788,135.018,304607,4,"B minor"
"63","Top Tracks of 2017: USA","37i9dQZF1DX7Axsg3uaDZb","https://api.spotify.com/v1/users/spotify/playlists/37i9dQZF1DX7Axsg3uaDZb/tracks?offset=0&limit=100",100,"WwOhi5cqqVBesRLJfiUir88o+yrsOOS0Cm8ijUG2kIj7PCW8xsbR848Aecz4H/qb6/ZN2jRgCzI=","https://i.scdn.co/image/e45f2ca5b6c1ad7f332d7b74432f697d94e96d05","One Dance","1xznGGDReH1oQq0xzbwXa3","Drake","Views","https://i.scdn.co/image/c0193357d5a9a2261729189694fe1488eb0045c7",2017-12-05 07:25:55,84,NA,"https://open.spotify.com/track/1xznGGDReH1oQq0xzbwXa3",0.791,0.619,"C#",-5.886,"major",0.0532,0.00784,0.00423,0.351,0.371,103.989,173987,4,"C# major"
"64","Top Tracks of 2017: USA","37i9dQZF1DX7Axsg3uaDZb","https://api.spotify.com/v1/users/spotify/playlists/37i9dQZF1DX7Axsg3uaDZb/tracks?offset=0&limit=100",100,"WwOhi5cqqVBesRLJfiUir88o+yrsOOS0Cm8ijUG2kIj7PCW8xsbR848Aecz4H/qb6/ZN2jRgCzI=","https://i.scdn.co/image/e45f2ca5b6c1ad7f332d7b74432f697d94e96d05","Gyalchester","6UjfByV1lDLW0SOVQA4NAi","Drake","More Life","https://i.scdn.co/image/974010663ebd1e267ac11de88e07647eefbfa19d",2017-12-05 07:25:55,77,NA,"https://open.spotify.com/track/6UjfByV1lDLW0SOVQA4NAi",0.872,0.389,"C#",-8.343,"major",0.0634,0.0343,0.000679,0.0941,0.156,131.012,189230,4,"C# major"
"65","Top Tracks of 2017: USA","37i9dQZF1DX7Axsg3uaDZb","https://api.spotify.com/v1/users/spotify/playlists/37i9dQZF1DX7Axsg3uaDZb/tracks?offset=0&limit=100",100,"WwOhi5cqqVBesRLJfiUir88o+yrsOOS0Cm8ijUG2kIj7PCW8xsbR848Aecz4H/qb6/ZN2jRgCzI=","https://i.scdn.co/image/e45f2ca5b6c1ad7f332d7b74432f697d94e96d05","Slow Hands","38yBBH2jacvDxrznF7h08J","Niall Horan","Flicker (Deluxe)","https://i.scdn.co/image/ba46318025b0a89163deb083806643e75b039a72",2017-12-05 07:25:55,75,NA,"https://open.spotify.com/track/38yBBH2jacvDxrznF7h08J",0.734,0.418,"C",-6.678,"major",0.0425,0.0129,0,0.0579,0.868,85.909,188174,4,"C major"
"66","Top Tracks of 2017: USA","37i9dQZF1DX7Axsg3uaDZb","https://api.spotify.com/v1/users/spotify/playlists/37i9dQZF1DX7Axsg3uaDZb/tracks?offset=0&limit=100",100,"WwOhi5cqqVBesRLJfiUir88o+yrsOOS0Cm8ijUG2kIj7PCW8xsbR848Aecz4H/qb6/ZN2jRgCzI=","https://i.scdn.co/image/e45f2ca5b6c1ad7f332d7b74432f697d94e96d05","Feel It Still","6QgjcU0zLnzq5OrUoSZ3OK","Portugal. The Man","Woodstock","https://i.scdn.co/image/7eebbc8e776e287b400d7ef6efec97b9f90aa3ea",2017-12-05 07:25:55,91,"https://p.scdn.co/mp3-preview/c32d9479367a99fcf5f881e23e1381e6f87214e9?cid=7cd7c410d1a94e06b4a81e4bda235aa5","https://open.spotify.com/track/6QgjcU0zLnzq5OrUoSZ3OK",0.801,0.795,"C#",-5.115,"minor",0.0504,0.0417,0.000113,0.0717,0.754,79.028,163253,4,"C# minor"
"67","Top Tracks of 2017: USA","37i9dQZF1DX7Axsg3uaDZb","https://api.spotify.com/v1/users/spotify/playlists/37i9dQZF1DX7Axsg3uaDZb/tracks?offset=0&limit=100",100,"WwOhi5cqqVBesRLJfiUir88o+yrsOOS0Cm8ijUG2kIj7PCW8xsbR848Aecz4H/qb6/ZN2jRgCzI=","https://i.scdn.co/image/e45f2ca5b6c1ad7f332d7b74432f697d94e96d05","Moves","0Fv5N0cHBsl4bzCbollCAS","Big Sean","I Decided.","https://i.scdn.co/image/b6ff79f9faeab5753a5d6e33146c3ba02ea75e4f",2017-12-05 07:25:55,75,NA,"https://open.spotify.com/track/0Fv5N0cHBsl4bzCbollCAS",0.789,0.53,"D",-6.2,"major",0.293,0.0541,0,0.164,0.367,75.515,142907,4,"D major"
"68","Top Tracks of 2017: USA","37i9dQZF1DX7Axsg3uaDZb","https://api.spotify.com/v1/users/spotify/playlists/37i9dQZF1DX7Axsg3uaDZb/tracks?offset=0&limit=100",100,"WwOhi5cqqVBesRLJfiUir88o+yrsOOS0Cm8ijUG2kIj7PCW8xsbR848Aecz4H/qb6/ZN2jRgCzI=","https://i.scdn.co/image/e45f2ca5b6c1ad7f332d7b74432f697d94e96d05","ELEMENT.","1EaKU4dMbesXXd3BrLCtYG","Kendrick Lamar","DAMN.","https://i.scdn.co/image/661e1a935e2eacdd45c05ef618565535e7bed2ad",2017-12-05 07:25:55,76,NA,"https://open.spotify.com/track/1EaKU4dMbesXXd3BrLCtYG",0.734,0.687,"E",-4.728,"minor",0.476,0.22,0,0.215,0.476,189.791,208733,4,"E minor"
"69","Top Tracks of 2017: USA","37i9dQZF1DX7Axsg3uaDZb","https://api.spotify.com/v1/users/spotify/playlists/37i9dQZF1DX7Axsg3uaDZb/tracks?offset=0&limit=100",100,"WwOhi5cqqVBesRLJfiUir88o+yrsOOS0Cm8ijUG2kIj7PCW8xsbR848Aecz4H/qb6/ZN2jRgCzI=","https://i.scdn.co/image/e45f2ca5b6c1ad7f332d7b74432f697d94e96d05","Go Flex","5yuShbu70mtHXY0yLzCQLQ","Post Malone","Stoney (Deluxe)","https://i.scdn.co/image/17e68a2e03de74a114bf6609d69f9bdbf6029f70",2017-12-05 07:25:55,83,NA,"https://open.spotify.com/track/5yuShbu70mtHXY0yLzCQLQ",0.662,0.496,"F",-8.267,"major",0.109,0.248,0,0.0769,0.133,81.951,179613,4,"F major"
"70","Top Tracks of 2017: USA","37i9dQZF1DX7Axsg3uaDZb","https://api.spotify.com/v1/users/spotify/playlists/37i9dQZF1DX7Axsg3uaDZb/tracks?offset=0&limit=100",100,"WwOhi5cqqVBesRLJfiUir88o+yrsOOS0Cm8ijUG2kIj7PCW8xsbR848Aecz4H/qb6/ZN2jRgCzI=","https://i.scdn.co/image/e45f2ca5b6c1ad7f332d7b74432f697d94e96d05","White Iverson","6eT7xZZlB2mwyzJ2sUKG6w","Post Malone","Stoney (Deluxe)","https://i.scdn.co/image/17e68a2e03de74a114bf6609d69f9bdbf6029f70",2017-12-05 07:25:55,82,NA,"https://open.spotify.com/track/6eT7xZZlB2mwyzJ2sUKG6w",0.674,0.568,"G",-7.678,"major",0.0349,0.216,0,0.0863,0.321,130.081,256533,4,"G major"
"71","Top Tracks of 2017: USA","37i9dQZF1DX7Axsg3uaDZb","https://api.spotify.com/v1/users/spotify/playlists/37i9dQZF1DX7Axsg3uaDZb/tracks?offset=0&limit=100",100,"WwOhi5cqqVBesRLJfiUir88o+yrsOOS0Cm8ijUG2kIj7PCW8xsbR848Aecz4H/qb6/ZN2jRgCzI=","https://i.scdn.co/image/e45f2ca5b6c1ad7f332d7b74432f697d94e96d05","Bad Things (with Camila Cabello)","1PSBzsahR2AKwLJgx8ehBj","Machine Gun Kelly","bloom","https://i.scdn.co/image/edb29125951eeb3496d8fd2f9545c656c7709181",2017-12-05 07:25:55,39,NA,"https://open.spotify.com/track/1PSBzsahR2AKwLJgx8ehBj",0.675,0.69,"D",-4.761,"major",0.132,0.21,0,0.287,0.272,137.817,239293,4,"D major"
"72","Top Tracks of 2017: USA","37i9dQZF1DX7Axsg3uaDZb","https://api.spotify.com/v1/users/spotify/playlists/37i9dQZF1DX7Axsg3uaDZb/tracks?offset=0&limit=100",100,"WwOhi5cqqVBesRLJfiUir88o+yrsOOS0Cm8ijUG2kIj7PCW8xsbR848Aecz4H/qb6/ZN2jRgCzI=","https://i.scdn.co/image/e45f2ca5b6c1ad7f332d7b74432f697d94e96d05","24K Magic","6b8Be6ljOzmkOmFslEb23P","Bruno Mars","24K Magic","https://i.scdn.co/image/bf41f93f8c895eff007b88bd2e23e12dfe078792",2017-12-05 07:25:55,83,"https://p.scdn.co/mp3-preview/3213a35ec32d4c747e794072a5ef7b464b4fcb69?cid=7cd7c410d1a94e06b4a81e4bda235aa5","https://open.spotify.com/track/6b8Be6ljOzmkOmFslEb23P",0.818,0.803,"C#",-4.282,"major",0.0797,0.034,0,0.153,0.632,106.97,225983,4,"C# major"
"73","Top Tracks of 2017: USA","37i9dQZF1DX7Axsg3uaDZb","https://api.spotify.com/v1/users/spotify/playlists/37i9dQZF1DX7Axsg3uaDZb/tracks?offset=0&limit=100",100,"WwOhi5cqqVBesRLJfiUir88o+yrsOOS0Cm8ijUG2kIj7PCW8xsbR848Aecz4H/qb6/ZN2jRgCzI=","https://i.scdn.co/image/e45f2ca5b6c1ad7f332d7b74432f697d94e96d05","Havana","0ofbQMrRDsUaVKq2mGLEAb","Camila Cabello","Havana","https://i.scdn.co/image/400c2aacb056cd051afedee8a4896a97c079e68d",2017-12-05 07:25:55,74,NA,"https://open.spotify.com/track/0ofbQMrRDsUaVKq2mGLEAb",0.768,0.517,"G",-4.323,"minor",0.0312,0.186,3.8e-05,0.104,0.418,104.992,216897,4,"G minor"
"74","Top Tracks of 2017: USA","37i9dQZF1DX7Axsg3uaDZb","https://api.spotify.com/v1/users/spotify/playlists/37i9dQZF1DX7Axsg3uaDZb/tracks?offset=0&limit=100",100,"WwOhi5cqqVBesRLJfiUir88o+yrsOOS0Cm8ijUG2kIj7PCW8xsbR848Aecz4H/qb6/ZN2jRgCzI=","https://i.scdn.co/image/e45f2ca5b6c1ad7f332d7b74432f697d94e96d05","Mi Gente","2rb5MvYT7ZIxbKW5hfcHx8","J Balvin","Mi Gente","https://i.scdn.co/image/b18c75591156893f9740d707fd0a275897275f98",2017-12-05 07:25:55,83,NA,"https://open.spotify.com/track/2rb5MvYT7ZIxbKW5hfcHx8",0.543,0.677,"B",-4.915,"minor",0.0993,0.0148,6.21e-06,0.13,0.294,103.809,189440,4,"B minor"
"75","Top Tracks of 2017: USA","37i9dQZF1DX7Axsg3uaDZb","https://api.spotify.com/v1/users/spotify/playlists/37i9dQZF1DX7Axsg3uaDZb/tracks?offset=0&limit=100",100,"WwOhi5cqqVBesRLJfiUir88o+yrsOOS0Cm8ijUG2kIj7PCW8xsbR848Aecz4H/qb6/ZN2jRgCzI=","https://i.scdn.co/image/e45f2ca5b6c1ad7f332d7b74432f697d94e96d05","Rolex","0pSBuHjILhNEo55xK1zrRt","Ayo & Teo","Rolex","https://i.scdn.co/image/e8468776f7a0e12af7e9ad9430406a5f927c387d",2017-12-05 07:25:55,82,"https://p.scdn.co/mp3-preview/bd059d92a5feebff918e7de21209b9aedc2a73f1?cid=7cd7c410d1a94e06b4a81e4bda235aa5","https://open.spotify.com/track/0pSBuHjILhNEo55xK1zrRt",0.804,0.886,"C#",-2.512,"major",0.04,0.0837,0,0.266,0.789,144.946,238587,4,"C# major"
"76","Top Tracks of 2017: USA","37i9dQZF1DX7Axsg3uaDZb","https://api.spotify.com/v1/users/spotify/playlists/37i9dQZF1DX7Axsg3uaDZb/tracks?offset=0&limit=100",100,"WwOhi5cqqVBesRLJfiUir88o+yrsOOS0Cm8ijUG2kIj7PCW8xsbR848Aecz4H/qb6/ZN2jRgCzI=","https://i.scdn.co/image/e45f2ca5b6c1ad7f332d7b74432f697d94e96d05","Feels","5bcTCxgc7xVfSaMV3RuVke","Calvin Harris","Funk Wav Bounces Vol.1","https://i.scdn.co/image/5e9722f99e71ad424a3a8e46a4f7c5998460b885",2017-12-05 07:25:55,84,"https://p.scdn.co/mp3-preview/0c58b32cdd0231ce4dc3cc2fe63a71046fd9f586?cid=7cd7c410d1a94e06b4a81e4bda235aa5","https://open.spotify.com/track/5bcTCxgc7xVfSaMV3RuVke",0.893,0.745,"B",-3.105,"minor",0.0571,0.0642,0,0.0943,0.872,101.018,223413,4,"B minor"
"77","Top Tracks of 2017: USA","37i9dQZF1DX7Axsg3uaDZb","https://api.spotify.com/v1/users/spotify/playlists/37i9dQZF1DX7Axsg3uaDZb/tracks?offset=0&limit=100",100,"WwOhi5cqqVBesRLJfiUir88o+yrsOOS0Cm8ijUG2kIj7PCW8xsbR848Aecz4H/qb6/ZN2jRgCzI=","https://i.scdn.co/image/e45f2ca5b6c1ad7f332d7b74432f697d94e96d05","Love Galore","0q75NwOoFiARAVp4EXU4Bs","SZA","Ctrl","https://i.scdn.co/image/056d5d03db611ad1b9f00b1c3d19b7acf989b62e",2017-12-05 07:25:55,84,"https://p.scdn.co/mp3-preview/34ee046041c05b75609bd7eec1e97b6c7cb4fe4f?cid=7cd7c410d1a94e06b4a81e4bda235aa5","https://open.spotify.com/track/0q75NwOoFiARAVp4EXU4Bs",0.795,0.594,"C",-6.2,"major",0.0747,0.111,0,0.162,0.409,135.002,275080,4,"C major"
"78","Top Tracks of 2017: USA","37i9dQZF1DX7Axsg3uaDZb","https://api.spotify.com/v1/users/spotify/playlists/37i9dQZF1DX7Axsg3uaDZb/tracks?offset=0&limit=100",100,"WwOhi5cqqVBesRLJfiUir88o+yrsOOS0Cm8ijUG2kIj7PCW8xsbR848Aecz4H/qb6/ZN2jRgCzI=","https://i.scdn.co/image/e45f2ca5b6c1ad7f332d7b74432f697d94e96d05","Swalla (feat. Nicki Minaj & Ty Dolla $ign)","6kex4EBAj0WHXDKZMEJaaF","Jason Derulo","Swalla (feat. Nicki Minaj & Ty Dolla $ign)","https://i.scdn.co/image/87d0b1856d2c2ce55fdb4c8129e47a6df6f33aff",2017-12-05 07:25:55,86,"https://p.scdn.co/mp3-preview/9aa4e0500aae8b33d04f031c454688890ab06468?cid=7cd7c410d1a94e06b4a81e4bda235aa5","https://open.spotify.com/track/6kex4EBAj0WHXDKZMEJaaF",0.696,0.817,"C#",-3.862,"major",0.109,0.075,0,0.187,0.782,98.064,216409,4,"C# major"
"79","Top Tracks of 2017: USA","37i9dQZF1DX7Axsg3uaDZb","https://api.spotify.com/v1/users/spotify/playlists/37i9dQZF1DX7Axsg3uaDZb/tracks?offset=0&limit=100",100,"WwOhi5cqqVBesRLJfiUir88o+yrsOOS0Cm8ijUG2kIj7PCW8xsbR848Aecz4H/qb6/ZN2jRgCzI=","https://i.scdn.co/image/e45f2ca5b6c1ad7f332d7b74432f697d94e96d05","It's A Vibe","6H0AwSQ20mo62jGlPGB8S6","2 Chainz","Pretty Girls Like Trap Music","https://i.scdn.co/image/2da73e613fc2f85004da707506a435004e17fb43",2017-12-05 07:25:55,81,NA,"https://open.spotify.com/track/6H0AwSQ20mo62jGlPGB8S6",0.841,0.516,"B",-7.461,"minor",0.118,0.0263,0.00072,0.111,0.556,145.995,210200,4,"B minor"
"80","Top Tracks of 2017: USA","37i9dQZF1DX7Axsg3uaDZb","https://api.spotify.com/v1/users/spotify/playlists/37i9dQZF1DX7Axsg3uaDZb/tracks?offset=0&limit=100",100,"WwOhi5cqqVBesRLJfiUir88o+yrsOOS0Cm8ijUG2kIj7PCW8xsbR848Aecz4H/qb6/ZN2jRgCzI=","https://i.scdn.co/image/e45f2ca5b6c1ad7f332d7b74432f697d94e96d05","Perfect","0tgVpDi06FyKpA1z0VMD4v","Ed Sheeran","÷ (Deluxe)","https://i.scdn.co/image/e6a84983ed9b0a04ce633b021329f7df034e7c7c",2017-12-05 07:25:55,94,"https://p.scdn.co/mp3-preview/9779493d90a47f29e4257aa45bc6146d1ee9cb26?cid=7cd7c410d1a94e06b4a81e4bda235aa5","https://open.spotify.com/track/0tgVpDi06FyKpA1z0VMD4v",0.599,0.448,"G#",-6.312,"major",0.0232,0.163,0,0.106,0.168,95.05,263400,3,"G# major"
"81","Top Tracks of 2017: USA","37i9dQZF1DX7Axsg3uaDZb","https://api.spotify.com/v1/users/spotify/playlists/37i9dQZF1DX7Axsg3uaDZb/tracks?offset=0&limit=100",100,"WwOhi5cqqVBesRLJfiUir88o+yrsOOS0Cm8ijUG2kIj7PCW8xsbR848Aecz4H/qb6/ZN2jRgCzI=","https://i.scdn.co/image/e45f2ca5b6c1ad7f332d7b74432f697d94e96d05","No Heart","4gmmRb6bZJffOOiww1JGTO","21 Savage","Savage Mode","https://i.scdn.co/image/404ff23f804534d9266b95bd5a81cb33a1675c00",2017-12-05 07:25:55,78,"https://p.scdn.co/mp3-preview/9d8a25c6bfc33e641cdd5aa420beedbb41b08fc7?cid=7cd7c410d1a94e06b4a81e4bda235aa5","https://open.spotify.com/track/4gmmRb6bZJffOOiww1JGTO",0.906,0.444,"E",-8.692,"minor",0.384,0.136,6.44e-05,0.173,0.678,140.063,235040,4,"E minor"
"82","Top Tracks of 2017: USA","37i9dQZF1DX7Axsg3uaDZb","https://api.spotify.com/v1/users/spotify/playlists/37i9dQZF1DX7Axsg3uaDZb/tracks?offset=0&limit=100",100,"WwOhi5cqqVBesRLJfiUir88o+yrsOOS0Cm8ijUG2kIj7PCW8xsbR848Aecz4H/qb6/ZN2jRgCzI=","https://i.scdn.co/image/e45f2ca5b6c1ad7f332d7b74432f697d94e96d05","How Far I'll Go - From ""Moana""","5hYTyyh2odQKphUbMqc5gN","Alessia Cara","How Far I'll Go (From ""Moana"")","https://i.scdn.co/image/7ea8d0a2682d89e50b1aba5c834ac4bcafe5b0ab",2017-12-05 07:25:55,72,NA,"https://open.spotify.com/track/5hYTyyh2odQKphUbMqc5gN",0.314,0.555,"A",-9.601,"major",0.37,0.157,0.000108,0.067,0.159,179.666,175517,4,"A major"
"83","Top Tracks of 2017: USA","37i9dQZF1DX7Axsg3uaDZb","https://api.spotify.com/v1/users/spotify/playlists/37i9dQZF1DX7Axsg3uaDZb/tracks?offset=0&limit=100",100,"WwOhi5cqqVBesRLJfiUir88o+yrsOOS0Cm8ijUG2kIj7PCW8xsbR848Aecz4H/qb6/ZN2jRgCzI=","https://i.scdn.co/image/e45f2ca5b6c1ad7f332d7b74432f697d94e96d05","Losin Control","4cxMGhkinTocPSVVKWIw0d","Russ","There's Really A Wolf","https://i.scdn.co/image/896e3f06b79792b93bb96ee3f3444a5a87ce845f",2017-12-05 07:25:55,82,"https://p.scdn.co/mp3-preview/b6912a2077507660710d39ae6ba5c085891dc226?cid=7cd7c410d1a94e06b4a81e4bda235aa5","https://open.spotify.com/track/4cxMGhkinTocPSVVKWIw0d",0.759,0.245,"F#",-6.545,"major",0.138,0.515,0.000154,0.102,0.209,96.992,237507,4,"F# major"
"84","Top Tracks of 2017: USA","37i9dQZF1DX7Axsg3uaDZb","https://api.spotify.com/v1/users/spotify/playlists/37i9dQZF1DX7Axsg3uaDZb/tracks?offset=0&limit=100",100,"WwOhi5cqqVBesRLJfiUir88o+yrsOOS0Cm8ijUG2kIj7PCW8xsbR848Aecz4H/qb6/ZN2jRgCzI=","https://i.scdn.co/image/e45f2ca5b6c1ad7f332d7b74432f697d94e96d05","pick up the phone","20dP2DaMHIAmwWAbp7peSr","Young Thug","Birds In The Trap Sing McKnight","https://i.scdn.co/image/6c41981dc659cc8a19a0371f42951d8dec48db7c",2017-12-05 07:25:55,79,"https://p.scdn.co/mp3-preview/096740087670272bd8d4a1d4b2dcec26c7965e5f?cid=7cd7c410d1a94e06b4a81e4bda235aa5","https://open.spotify.com/track/20dP2DaMHIAmwWAbp7peSr",0.711,0.739,"G",-3.804,"minor",0.129,0.114,0,0.226,0.43,136.919,252256,4,"G minor"
"85","Top Tracks of 2017: USA","37i9dQZF1DX7Axsg3uaDZb","https://api.spotify.com/v1/users/spotify/playlists/37i9dQZF1DX7Axsg3uaDZb/tracks?offset=0&limit=100",100,"WwOhi5cqqVBesRLJfiUir88o+yrsOOS0Cm8ijUG2kIj7PCW8xsbR848Aecz4H/qb6/ZN2jRgCzI=","https://i.scdn.co/image/e45f2ca5b6c1ad7f332d7b74432f697d94e96d05","You Was Right","2ANLarE8yHVsLWW21nj79M","Lil Uzi Vert","Lil Uzi Vert Vs. The World","https://i.scdn.co/image/4e3223c720e242f9d1a6675fc552f62e93bfe804",2017-12-05 07:25:55,78,"https://p.scdn.co/mp3-preview/5e922ed555267f903503958d68ea28879aa7cf71?cid=7cd7c410d1a94e06b4a81e4bda235aa5","https://open.spotify.com/track/2ANLarE8yHVsLWW21nj79M",0.843,0.359,"C",-7.417,"major",0.461,0.069,0,0.12,0.156,81.987,163944,4,"C major"
"86","Top Tracks of 2017: USA","37i9dQZF1DX7Axsg3uaDZb","https://api.spotify.com/v1/users/spotify/playlists/37i9dQZF1DX7Axsg3uaDZb/tracks?offset=0&limit=100",100,"WwOhi5cqqVBesRLJfiUir88o+yrsOOS0Cm8ijUG2kIj7PCW8xsbR848Aecz4H/qb6/ZN2jRgCzI=","https://i.scdn.co/image/e45f2ca5b6c1ad7f332d7b74432f697d94e96d05","Call On Me - Ryan Riback Extended Remix","78rIJddV4X0HkNAInEcYde","Starley","Call On Me (Remixes)","https://i.scdn.co/image/fa721a2b940bb61505f5ffab24a3d9a82d87e9c6",2017-12-05 07:25:55,63,NA,"https://open.spotify.com/track/78rIJddV4X0HkNAInEcYde",0.676,0.843,"C",-4.068,"major",0.0367,0.0623,0.000752,0.181,0.718,105.003,222041,4,"C major"
"87","Top Tracks of 2017: USA","37i9dQZF1DX7Axsg3uaDZb","https://api.spotify.com/v1/users/spotify/playlists/37i9dQZF1DX7Axsg3uaDZb/tracks?offset=0&limit=100",100,"WwOhi5cqqVBesRLJfiUir88o+yrsOOS0Cm8ijUG2kIj7PCW8xsbR848Aecz4H/qb6/ZN2jRgCzI=","https://i.scdn.co/image/e45f2ca5b6c1ad7f332d7b74432f697d94e96d05","do re mi","3Q3myFA7q4Op95DOpHplaY","Blackbear","digital druglord","https://i.scdn.co/image/caa8a134bb7757aa56dd965aac02554861b6768c",2017-12-05 07:25:55,80,NA,"https://open.spotify.com/track/3Q3myFA7q4Op95DOpHplaY",0.742,0.599,"G#",-6.256,"major",0.0465,0.00419,1.02e-05,0.126,0.154,110.977,212027,3,"G# major"
"88","Top Tracks of 2017: USA","37i9dQZF1DX7Axsg3uaDZb","https://api.spotify.com/v1/users/spotify/playlists/37i9dQZF1DX7Axsg3uaDZb/tracks?offset=0&limit=100",100,"WwOhi5cqqVBesRLJfiUir88o+yrsOOS0Cm8ijUG2kIj7PCW8xsbR848Aecz4H/qb6/ZN2jRgCzI=","https://i.scdn.co/image/e45f2ca5b6c1ad7f332d7b74432f697d94e96d05","Both (feat. Drake)","5tFep7dXGd7vEJ668wTPux","Gucci Mane","The Return of East Atlanta Santa","https://i.scdn.co/image/8d20ea0526e0e3eb05d775b050af16a66c4b1c72",2017-12-05 07:25:55,80,"https://p.scdn.co/mp3-preview/0278a03a3a9814b0532764b4c1d014388e815073?cid=7cd7c410d1a94e06b4a81e4bda235aa5","https://open.spotify.com/track/5tFep7dXGd7vEJ668wTPux",0.85,0.405,"G",-7.509,"minor",0.225,0.119,0.000118,0.0707,0.344,139.976,190312,4,"G minor"
"89","Top Tracks of 2017: USA","37i9dQZF1DX7Axsg3uaDZb","https://api.spotify.com/v1/users/spotify/playlists/37i9dQZF1DX7Axsg3uaDZb/tracks?offset=0&limit=100",100,"WwOhi5cqqVBesRLJfiUir88o+yrsOOS0Cm8ijUG2kIj7PCW8xsbR848Aecz4H/qb6/ZN2jRgCzI=","https://i.scdn.co/image/e45f2ca5b6c1ad7f332d7b74432f697d94e96d05","Selfish","6yHkPtl6UQ7RjtJLBPzbJw","Future","HNDRXX","https://i.scdn.co/image/9f4f496a8656c3420d0962d8a81cad76b5426277",2017-12-05 07:25:55,76,"https://p.scdn.co/mp3-preview/716d5059aff4caf46c88d09cb7baef5898e3a71c?cid=7cd7c410d1a94e06b4a81e4bda235aa5","https://open.spotify.com/track/6yHkPtl6UQ7RjtJLBPzbJw",0.415,0.369,"G#",-10.044,"major",0.0741,0.0303,7.64e-06,0.383,0.0913,95.746,251423,4,"G# major"
"90","Top Tracks of 2017: USA","37i9dQZF1DX7Axsg3uaDZb","https://api.spotify.com/v1/users/spotify/playlists/37i9dQZF1DX7Axsg3uaDZb/tracks?offset=0&limit=100",100,"WwOhi5cqqVBesRLJfiUir88o+yrsOOS0Cm8ijUG2kIj7PCW8xsbR848Aecz4H/qb6/ZN2jRgCzI=","https://i.scdn.co/image/e45f2ca5b6c1ad7f332d7b74432f697d94e96d05","Weak","3E2Zh20GDCR9B1EYjfXWyv","AJR","The Click","https://i.scdn.co/image/9923181bb18e2b549b3e882e7d3063bbf2e49b5e",2017-12-05 07:25:55,56,"https://p.scdn.co/mp3-preview/e9123af930849a20dad875b2a42e5ca65f1944b6?cid=7cd7c410d1a94e06b4a81e4bda235aa5","https://open.spotify.com/track/3E2Zh20GDCR9B1EYjfXWyv",0.673,0.637,"F",-4.518,"major",0.0429,0.137,0,0.184,0.678,123.98,201160,4,"F major"
"91","Top Tracks of 2017: USA","37i9dQZF1DX7Axsg3uaDZb","https://api.spotify.com/v1/users/spotify/playlists/37i9dQZF1DX7Axsg3uaDZb/tracks?offset=0&limit=100",100,"WwOhi5cqqVBesRLJfiUir88o+yrsOOS0Cm8ijUG2kIj7PCW8xsbR848Aecz4H/qb6/ZN2jRgCzI=","https://i.scdn.co/image/e45f2ca5b6c1ad7f332d7b74432f697d94e96d05","Silence","7vGuf3Y35N4wmASOKLUVVU","Marshmello","Silence","https://i.scdn.co/image/2ce516d3f99db708defab97b4294d95bea27cd9f",2017-12-05 07:25:55,92,"https://p.scdn.co/mp3-preview/d779881bd6bbcced00dbf7f5b87e3374bf7c058b?cid=7cd7c410d1a94e06b4a81e4bda235aa5","https://open.spotify.com/track/7vGuf3Y35N4wmASOKLUVVU",0.52,0.761,"E",-3.093,"major",0.0853,0.256,4.96e-06,0.17,0.286,141.971,180823,4,"E major"
"92","Top Tracks of 2017: USA","37i9dQZF1DX7Axsg3uaDZb","https://api.spotify.com/v1/users/spotify/playlists/37i9dQZF1DX7Axsg3uaDZb/tracks?offset=0&limit=100",100,"WwOhi5cqqVBesRLJfiUir88o+yrsOOS0Cm8ijUG2kIj7PCW8xsbR848Aecz4H/qb6/ZN2jRgCzI=","https://i.scdn.co/image/e45f2ca5b6c1ad7f332d7b74432f697d94e96d05","Chill Bill","5uDASfU19gDxSjW8cnCaBp","Rob $tone","Chill Bill","https://i.scdn.co/image/71a280c227e39bbc0092e53d892bc985cf2b5fc2",2017-12-05 07:25:55,82,"https://p.scdn.co/mp3-preview/aeb15a42574fb5888f02e6dbd3ee65a9848ed3c4?cid=7cd7c410d1a94e06b4a81e4bda235aa5","https://open.spotify.com/track/5uDASfU19gDxSjW8cnCaBp",0.886,0.427,"F#",-10.028,"major",0.145,0.0312,0.00099,0.0906,0.23,108.034,177184,4,"F# major"
"93","Top Tracks of 2017: USA","37i9dQZF1DX7Axsg3uaDZb","https://api.spotify.com/v1/users/spotify/playlists/37i9dQZF1DX7Axsg3uaDZb/tracks?offset=0&limit=100",100,"WwOhi5cqqVBesRLJfiUir88o+yrsOOS0Cm8ijUG2kIj7PCW8xsbR848Aecz4H/qb6/ZN2jRgCzI=","https://i.scdn.co/image/e45f2ca5b6c1ad7f332d7b74432f697d94e96d05","Scared to Be Lonely","3ebXMykcMXOcLeJ9xZ17XH","Martin Garrix","Scared to Be Lonely","https://i.scdn.co/image/9d838ad5190c61ff09be379040addb53597b7f2d",2017-12-05 07:25:55,86,"https://p.scdn.co/mp3-preview/36cf23a16f3d05a2c1d3d7abfe7b13e5dc3c6ade?cid=7cd7c410d1a94e06b4a81e4bda235aa5","https://open.spotify.com/track/3ebXMykcMXOcLeJ9xZ17XH",0.584,0.54,"C#",-7.786,"minor",0.0576,0.0895,0,0.261,0.195,137.972,220883,4,"C# minor"
"94","Top Tracks of 2017: USA","37i9dQZF1DX7Axsg3uaDZb","https://api.spotify.com/v1/users/spotify/playlists/37i9dQZF1DX7Axsg3uaDZb/tracks?offset=0&limit=100",100,"WwOhi5cqqVBesRLJfiUir88o+yrsOOS0Cm8ijUG2kIj7PCW8xsbR848Aecz4H/qb6/ZN2jRgCzI=","https://i.scdn.co/image/e45f2ca5b6c1ad7f332d7b74432f697d94e96d05","Love On The Brain","2aksifNn5ph8igDOkPBA02","Rihanna","ANTI","https://i.scdn.co/image/660849fa669b8fd072487d557e39232ffdd64479",2017-12-05 07:25:55,75,NA,"https://open.spotify.com/track/2aksifNn5ph8igDOkPBA02",0.506,0.641,"E",-4.815,"minor",0.0456,0.0848,8.09e-06,0.073,0.393,171.957,224000,3,"E minor"
"95","Top Tracks of 2017: USA","37i9dQZF1DX7Axsg3uaDZb","https://api.spotify.com/v1/users/spotify/playlists/37i9dQZF1DX7Axsg3uaDZb/tracks?offset=0&limit=100",100,"WwOhi5cqqVBesRLJfiUir88o+yrsOOS0Cm8ijUG2kIj7PCW8xsbR848Aecz4H/qb6/ZN2jRgCzI=","https://i.scdn.co/image/e45f2ca5b6c1ad7f332d7b74432f697d94e96d05","Money Longer","0B8QzDH7YWih85V5SEMnyJ","Lil Uzi Vert","Lil Uzi Vert Vs. The World","https://i.scdn.co/image/4e3223c720e242f9d1a6675fc552f62e93bfe804",2017-12-05 07:25:55,80,"https://p.scdn.co/mp3-preview/d3e64e38a6bc9be041fe7b1d6c9a0cacf07e2955?cid=7cd7c410d1a94e06b4a81e4bda235aa5","https://open.spotify.com/track/0B8QzDH7YWih85V5SEMnyJ",0.795,0.568,"F",-7.817,"minor",0.142,0.0541,0,0.108,0.478,136.173,198944,4,"F minor"
"96","Top Tracks of 2017: USA","37i9dQZF1DX7Axsg3uaDZb","https://api.spotify.com/v1/users/spotify/playlists/37i9dQZF1DX7Axsg3uaDZb/tracks?offset=0&limit=100",100,"WwOhi5cqqVBesRLJfiUir88o+yrsOOS0Cm8ijUG2kIj7PCW8xsbR848Aecz4H/qb6/ZN2jRgCzI=","https://i.scdn.co/image/e45f2ca5b6c1ad7f332d7b74432f697d94e96d05","New Rules","2ekn2ttSfGqwhhate0LSR0","Dua Lipa","Dua Lipa (Deluxe)","https://i.scdn.co/image/80ed68cfbca71e8026e89e8cb603e2a0c9ffa554",2017-12-05 07:25:55,93,"https://p.scdn.co/mp3-preview/cd327b079e2de504b4444f88e6b3b79afdf789f8?cid=7cd7c410d1a94e06b4a81e4bda235aa5","https://open.spotify.com/track/2ekn2ttSfGqwhhate0LSR0",0.771,0.696,"A",-6.258,"minor",0.0755,0.00256,9.71e-06,0.179,0.656,116.054,208827,4,"A minor"
"97","Top Tracks of 2017: USA","37i9dQZF1DX7Axsg3uaDZb","https://api.spotify.com/v1/users/spotify/playlists/37i9dQZF1DX7Axsg3uaDZb/tracks?offset=0&limit=100",100,"WwOhi5cqqVBesRLJfiUir88o+yrsOOS0Cm8ijUG2kIj7PCW8xsbR848Aecz4H/qb6/ZN2jRgCzI=","https://i.scdn.co/image/e45f2ca5b6c1ad7f332d7b74432f697d94e96d05","Jocelyn Flores","7m9OqQk4RVRkw9JJdeAw96","XXXTENTACION","17","https://i.scdn.co/image/6fdafb637a3447689440ade1a57a0e3435befd17",2017-12-05 07:25:55,91,"https://p.scdn.co/mp3-preview/9fd5ccc86f318c303d582800e9f7d6f07f40440b?cid=7cd7c410d1a94e06b4a81e4bda235aa5","https://open.spotify.com/track/7m9OqQk4RVRkw9JJdeAw96",0.872,0.391,"C",-9.144,"minor",0.242,0.469,4.13e-06,0.297,0.437,134.021,119133,4,"C minor"
"98","Top Tracks of 2017: USA","37i9dQZF1DX7Axsg3uaDZb","https://api.spotify.com/v1/users/spotify/playlists/37i9dQZF1DX7Axsg3uaDZb/tracks?offset=0&limit=100",100,"WwOhi5cqqVBesRLJfiUir88o+yrsOOS0Cm8ijUG2kIj7PCW8xsbR848Aecz4H/qb6/ZN2jRgCzI=","https://i.scdn.co/image/e45f2ca5b6c1ad7f332d7b74432f697d94e96d05","Starving","6875MeXyCW0wLyT72Eetmo","Hailee Steinfeld","HAIZ","https://i.scdn.co/image/68c9781a31460248e25bb301a68641baeb54251a",2017-12-05 07:25:55,42,NA,"https://open.spotify.com/track/6875MeXyCW0wLyT72Eetmo",0.721,0.626,"E",-4.2,"major",0.123,0.402,0,0.102,0.558,99.914,181933,4,"E major"
"99","Top Tracks of 2017: USA","37i9dQZF1DX7Axsg3uaDZb","https://api.spotify.com/v1/users/spotify/playlists/37i9dQZF1DX7Axsg3uaDZb/tracks?offset=0&limit=100",100,"WwOhi5cqqVBesRLJfiUir88o+yrsOOS0Cm8ijUG2kIj7PCW8xsbR848Aecz4H/qb6/ZN2jRgCzI=","https://i.scdn.co/image/e45f2ca5b6c1ad7f332d7b74432f697d94e96d05","No Role Modelz","62vpWI1CHwFy7tMIcSStl8","J. Cole","2014 Forest Hills Drive","https://i.scdn.co/image/9c5d0ed04c5d5ca1fb3027cdc860698c89da4942",2017-12-05 07:25:55,84,"https://p.scdn.co/mp3-preview/ef67372f58306c52484caadd120b0455e3fe2e6d?cid=7cd7c410d1a94e06b4a81e4bda235aa5","https://open.spotify.com/track/62vpWI1CHwFy7tMIcSStl8",0.696,0.521,"A#",-8.465,"minor",0.332,0.302,0,0.0565,0.458,100,292987,4,"A# minor"
"100","Top Tracks of 2017: USA","37i9dQZF1DX7Axsg3uaDZb","https://api.spotify.com/v1/users/spotify/playlists/37i9dQZF1DX7Axsg3uaDZb/tracks?offset=0&limit=100",100,"WwOhi5cqqVBesRLJfiUir88o+yrsOOS0Cm8ijUG2kIj7PCW8xsbR848Aecz4H/qb6/ZN2jRgCzI=","https://i.scdn.co/image/e45f2ca5b6c1ad7f332d7b74432f697d94e96d05","Party Monster","4F7A0DXBrmUAkp32uenhZt","The Weeknd","Starboy","https://i.scdn.co/image/7bc60842d505753942b0cedf0e95f53074867806",2017-12-05 07:25:55,75,NA,"https://open.spotify.com/track/4F7A0DXBrmUAkp32uenhZt",0.585,0.612,"C#",-8.341,"major",0.0806,0.181,1.03e-05,0.293,0.188,77.487,249213,4,"C# major"
